作答ID,用户ID,开始时间,结束时间,作答时长(秒),作答渠道,发布ID,问卷发布名称,IP,经度,纬度,省份,城市,设备类型,操作系统类型,浏览器类型,屏幕分辨率,随机元素,音乐A,您对音频A的感受评价是？,音乐B,您对音频B的感受评价是？,音乐C,您对音频C的感受评价是？,音乐D,您对音频D的感受评价是？,音乐E,您对音频E的感受评价是？,音乐F,您对音频F的感受评价是？,音乐G,您对音频G的感受评价是？,音乐H,您对音频H的感受评价是？,音乐Z,您对音频Z的感受评价是？,音乐I,您对音频I的感受评价是？,音乐J,您对音频J的感受评价是？,音乐K,您对音频K的感受评价是？,音乐L,您对音频L的感受评价是？,音乐M,您对音频M的感受评价是？,音乐N,您对音频N的感受评价是？,音乐O,您对音频O的感受评价是？,音乐P,您对音频P的感受评价是？,在刚才的音频片段中，你是否听到了人声演唱或说唱？如果有，请判断主要是男声还是女声。,音乐Q,您对音频Q的感受评价是？,音乐R,您对音频R的感受评价是？,音乐S,您对音频S的感受评价是？,音乐T,您对音频T的感受评价是？,音乐U,您对音频U的感受评价是？,音乐V,您对音频V的感受评价是？,音乐v,您对音频v的感受评价是？,音乐W,您对音频W的感受评价是？,音乐X,您对音频X的感受评价是？,音乐Y,您对音频Y的感受评价是？,下面是一些描述人们性格特点的句子，请根据每个句子与您的性格相符程度选择相应的数字。??例如：“在集体活动中，我是个活跃分子”非常恰当的描述您，那么请您在“6=完全同意”上画圈，依此类推。每个人的性格各不相同，所以答案没有对错之分，请根据您的实际情况作答。1=完全不符合，2=大部分不符合，3=有点不符合，4=有点符合，5=大部分符合，6=完全符合,我常感到害怕,一旦确定了目标，我会坚持努力地实现它,我觉得大部分人基本上是心怀善意的,我头脑中经常充满生动的画面,我对人多的聚会感到乏味,此题请选择1,有时我觉得自己一无是处,我常常是仔细考虑之后才做出决定,我不太关心别人是否受到不公正的待遇,我是个勇于冒险，突破常规的人,在热闹的聚会上，我常常表现主动并尽情玩耍,别人一句漫不经心的话，我常会联系在自己身上,别人认为我是个慎重的人,我时常觉得别人的痛苦与我无关,我喜欢冒险,我尽量避免参加人多的聚会和嘈杂的环境,在面对压力时，我有种快要崩溃的感觉,我喜欢一开头就把事情计划好,我是那种只照顾好自己，不替别人担忧的人,我对许多事情有着很强的好奇心,有我在的场合一般不会冷场,我常担忧一些无关紧要的事情,我工作或学习很勤奋,虽然社会上有些骗子，但我觉得大部分人还是可信的,我身上具有别人没有的冒险精神,在一个团体中，我希望处于领导地位,我常常感到内心不踏实,我是个倾尽全力做事的人,当别人向我诉说不幸时，我常感到难过,我渴望学习一些新东西，即使它们与我的日常生活无关,别人多认为我是一个热情和友好的人,我常担心有什么不好的事情要发生,在工作上，我常只求能应付过去便可,尽管人类社会存在着一些阴暗的东西（如战争、罪恶、欺诈），我仍然相信人性总的来说是善良的,我的想象力相当丰富,我喜欢参加社交与娱乐聚会,我很少感到忧郁或沮丧,做事讲究逻辑和条理是我的一个特点,我常为那些遭遇不幸的人感到难过,我很愿意也很容易接受那些新事物、新观点、新想法,我希望成为领导者而不是被领导者,请问您在音乐知识或演奏技能方面的熟悉程度如何？,您对音乐的接触频率是？,您的性别是？,您的年龄是？,您的主要职业是？,您从小到18岁主要在哪个城市/地区生活？,您目前或过去半年主要居住地是哪里？,,
bNGQNA0A8oN,0eyl0v8L,2025/4/5 1:15,2025/4/5 1:33,1044,1,rQrY32,音乐片段感受调研问卷_见数数据库4,114.218.105.143,120.4869596,31.1397252,江苏省,苏州市,MOBILE,iOS,WeChat,393px*852px,"I4,S3,M1,C3,M3,S4,U1,I1,S2,U2,C5,U4,I2,C2,S1,S5,U5,I3,C1,test2,M5,C4,M4,M2,U3,test1,I5",1,4,1,4,1,3,3,4,1,5,1,6,1,4,1,5,4,4,4,5,1,5,1,3,1,3,1,4,1,3,1,2,1,4,没有出现人声,1,3,1,2,1,3,4,2,1,2,1,2,1,3,3,3,1,2,1,3,1,2,6,5,5,3,1,2,6,3,5,5,2,4,4,5,4,2,4,3,4,4,2,5,5,4,4,3,5,2,4,5,2,4,5,4,3,4,5,4,5,3,一般了解：仅了解少量乐理，主要是听歌，偶尔有一些简单演奏或相关知识,我几乎每天都听音乐，但每天不到 1 小时,女,18-25岁,普通职员(公司/企业/事业单位/党政机关),苏州,苏州,1,-1
oB95VwVdlAK,J7BZBxd7,2025/4/5 0:11,2025/4/5 0:28,1048,1,rQrY32,音乐片段感受调研问卷_见数数据库4,112.22.80.179,120.2769076,31.9188905,江苏省,无锡市,MOBILE,iOS,Apple WebKit,414px*896px,"S1,M1,U2,U5,C4,U3,I5,test1,test2,M2,I1,M4,U1,S2,S5,C2,C5,S3,I3,S4,I4,M3,M5,U4,C3,I2,C1",1,7,1,5,1,5,1,5,1,6,1,6,1,3,1,7,1,6,1,6,1,5,1,5,1,6,1,6,1,5,1,5,1,1,没有出现人声,1,1,1,1,1,1,1,2,1,3,1,3,1,3,1,3,1,3,1,2,1,1,6,5,2,5,1,1,5,2,2,2,2,6,1,2,5,2,6,1,2,2,2,6,5,1,2,1,5,5,2,2,1,1,5,2,1,2,6,5,2,1,纯粹爱好/不了解：不涉及任何乐理或演奏学习，听歌只为娱乐放松,我几乎每天都听音乐，但每天 1~2 小时左右,男,25-34岁,工厂技术人员/工厂主管,无锡,无锡,1,0
XObvb0rbod8,kM1ZkPW7,2025/4/4 23:58,2025/4/5 0:18,1171,1,rQrY32,音乐片段感受调研问卷_见数数据库4,175.167.130.146,123.33278,41.819861,辽宁省,沈阳市,MOBILE,Android,Chrome,366px*859px,"M1,test1,M2,S4,U3,I4,C5,I2,I1,U5,I3,S3,C1,C3,C4,U4,U1,C2,I5,M5,M3,U2,test2,S5,S2,M4,S1",1,6,2,5,1,5,1,7,1,5,1,6,1,5,1,6,1,6,1,7,1,5,1,6,1,6,1,6,1,3,1,5,1,6,没有出现人声,1,5,1,5,1,5,1,6,1,5,1,6,1,6,1,6,1,6,1,6,1,2,5,5,6,2,1,2,5,1,6,5,3,5,2,6,1,2,5,2,5,5,1,5,6,4,5,2,6,5,5,5,2,1,5,5,5,5,4,4,5,6,一般了解：仅了解少量乐理，主要是听歌，偶尔有一些简单演奏或相关知识,我每周里有3~5天会听音乐，每次时长不限,女,35-44岁,领导干部(公司/企业/事业单位/党政机关),沈阳,沈阳,0,0
XObvANbpExd,J7qmkBy7,2025/4/4 23:55,2025/4/5 0:15,1157,1,rQrY32,音乐片段感受调研问卷_见数数据库4,118.74.46.0,112.98904,37.063063,山西省,晋中市,MOBILE,Android,Chrome,412px*915px,"M3,U4,U2,M2,U5,test1,C4,U3,M4,I1,S3,I4,S4,M1,U1,I5,I3,C3,C2,M5,S2,I2,C5,test2,S5,S1,C1",1,5,1,5,1,6,1,6,1,3,1,5,1,6,1,5,1,5,1,6,1,5,1,5,1,7,1,6,1,7,1,6,1,7,没有出现人声,1,6,1,6,1,6,1,4,1,5,1,7,1,6,1,6,1,6,1,7,1,2,5,6,5,1,1,2,4,1,6,6,2,3,1,5,3,2,4,1,6,6,2,6,6,5,5,3,6,2,5,6,2,2,6,6,5,5,5,6,5,5,较为熟悉：自学/半专业，曾经系统练习或参加乐团/乐队，对乐理或技能有一定掌握,我几乎每天都听音乐，且每天超过 2 小时,男,18-25岁,初高中学生/大学生/研究生/博士,山西省太原市,山西省太原市,0,1
gnB2E02JpWn,5LwwnJqL,2025/4/4 23:47,2025/4/5 0:14,1644,1,rQrY32,音乐片段感受调研问卷_见数数据库4,117.136.113.125,120.253676,29.1576285,浙江省,金华市,MOBILE,iOS,Apple WebKit,390px*844px,"U2,M2,C2,test2,U3,M5,C3,S1,C5,I3,U5,S3,M1,S4,I2,U1,test1,I1,C4,C1,I5,I4,U4,M3,S2,M4,S5",1,4,1,4,1,4,1,4,1,3,1,6,2,5,1,6,1,6,3,5,1,5,1,4,1,4,1,4,1,5,2,3,1,6,没有出现人声,1,6,1,5,1,5,1,5,1,4,1,5,1,5,5,4,1,5,1,5,1,1,4,6,2,6,1,5,6,1,1,1,3,3,1,1,6,3,4,1,3,1,4,6,6,1,3,5,5,5,4,3,6,1,6,4,1,1,6,6,1,3,纯粹爱好/不了解：不涉及任何乐理或演奏学习，听歌只为娱乐放松,我几乎每天都听音乐，且每天超过 2 小时,男,25-34岁,工厂技术人员/工厂主管,萍乡,金华,0,0
Q4xR8bYRamG,yevazZNL,2025/4/4 23:55,2025/4/5 0:13,1047,1,rQrY32,音乐片段感受调研问卷_见数数据库4,110.180.22.75,113.585879,37.85215,山西省,阳泉市,MOBILE,Android,Chrome,407px*904px,"S4,C3,M1,U1,I1,I4,I2,U5,I5,test1,M3,U4,M2,M4,S5,C1,S2,C5,S3,U3,test2,C2,U2,C4,S1,I3,M5",1,5,1,5,1,5,1,5,1,4,1,5,1,5,1,6,1,5,1,5,1,6,1,4,1,4,1,4,1,5,1,4,1,7,没有出现人声,1,6,1,7,1,7,1,7,1,6,1,6,1,6,1,6,1,6,1,6,1,1,6,6,5,1,1,1,6,1,5,6,2,2,2,5,2,1,6,2,5,5,2,5,6,5,4,1,6,5,5,6,1,1,6,5,6,5,6,5,6,4,一般了解：仅了解少量乐理，主要是听歌，偶尔有一些简单演奏或相关知识,我几乎每天都听音乐，但每天 1~2 小时左右,男,25-34岁,普通职员(公司/企业/事业单位/党政机关),山西省运城市,山西省太原市,1,0
mnma9k2lbXp,5LwQEzMl,2025/4/4 23:58,2025/4/5 0:10,740,1,rQrY32,音乐片段感受调研问卷_见数数据库4,116.142.9.212,126.0077648,43.1929968,吉林省,吉林市,MOBILE,iOS,Apple WebKit,414px*736px,"M2,U5,C4,U3,U4,C2,U1,S4,I4,S3,S1,C3,C5,I2,I5,I1,M5,S2,test2,S5,test1,C1,M3,I3,U2,M1,M4",2,5,1,5,2,3,2,6,1,6,1,7,1,6,1,6,1,5,2,3,1,5,1,7,2,3,1,6,1,6,1,5,2,7,没有出现人声,1,7,1,6,1,5,1,5,1,2,1,7,1,6,2,2,1,2,2,7,1,1,6,6,6,2,1,1,5,2,4,6,2,5,2,5,2,1,6,2,6,6,1,6,5,4,6,1,6,4,5,6,2,2,6,5,5,5,5,5,5,5,一般了解：仅了解少量乐理，主要是听歌，偶尔有一些简单演奏或相关知识,我几乎每天都听音乐，但每天不到 1 小时,女,35-44岁,领导干部(公司/企业/事业单位/党政机关),吉林长春,吉林,1,1
WPoxG1zpxdB,WLGd5Bae,2025/4/4 23:46,2025/4/5 0:08,1339,1,rQrY32,音乐片段感受调研问卷_见数数据库4,125.79.82.174,116.737727,24.7328969,福建省,龙岩市,MOBILE,iOS,Apple WebKit,320px*568px,"S5,U4,I5,U2,M2,I3,U5,I4,test2,S2,S4,C2,S3,M1,C1,C3,C4,C5,S1,I2,test1,M3,U1,M5,M4,U3,I1",1,5,1,5,1,4,1,5,1,4,1,3,1,4,1,4,1,3,1,3,1,4,1,3,1,6,1,5,1,5,1,5,1,2,没有出现人声,1,2,1,3,1,2,1,3,1,3,1,4,1,4,1,3,1,2,1,3,1,2,5,5,5,4,1,1,5,3,4,1,5,5,2,4,4,3,2,1,6,3,3,2,5,4,2,2,4,4,6,5,2,2,6,6,2,2,4,5,6,3,一般了解：仅了解少量乐理，主要是听歌，偶尔有一些简单演奏或相关知识,我几乎每天都听音乐，但每天不到 1 小时,女,18-25岁,自由职业(作家/自媒体/主播/代练玩家等),福建龙岩,福建龙岩,1,0
WPoxG1mAmgE,RMWBwnGe,2025/4/4 23:49,2025/4/5 0:08,1120,1,rQrY32,音乐片段感受调研问卷_见数数据库4,39.144.210.42,103.867023,36.045505,甘肃省,兰州市,MOBILE,Android,Chrome,360px*800px,"U1,U5,test2,I3,U4,C3,I2,M3,I5,S1,M1,C1,C5,S4,C4,test1,M5,S3,C2,I1,S5,M4,S2,U3,U2,M2,I4",1,6,1,5,1,6,1,6,1,1,1,6,1,7,1,4,1,4,1,4,1,3,1,4,1,5,1,5,1,2,1,6,1,6,没有出现人声,1,5,1,6,1,4,1,2,1,5,1,4,1,5,1,1,1,3,1,2,1,1,5,6,6,2,1,1,5,1,3,5,5,5,1,3,2,3,6,1,4,4,4,5,5,2,6,2,5,5,4,5,2,1,6,5,5,3,5,6,4,6,纯粹爱好/不了解：不涉及任何乐理或演奏学习，听歌只为娱乐放松,我几乎每天都听音乐，但每天不到 1 小时,女,18-25岁,初高中学生/大学生/研究生/博士,甘肃省陇南市,甘肃省兰州市,0,-1
mnmaO80zb3d,BepONVAL,2025/4/4 23:46,2025/4/5 0:07,1258,1,rQrY32,音乐片段感受调研问卷_见数数据库4,223.104.205.97,108.714115,34.306306,陕西省,渭南市,MOBILE,Android,Chrome,376px*835px,"S1,I1,M5,C2,U1,U4,C3,M2,C4,U5,I4,test2,S3,I3,I2,test1,S4,S5,S2,M4,U2,U3,C5,C1,I5,M1,M3",1,5,1,5,1,6,1,5,1,5,1,6,1,5,1,6,1,7,1,6,1,5,2,5,1,6,1,5,1,6,1,5,1,6,没有出现人声,1,5,1,6,1,5,1,6,1,6,1,6,1,5,1,5,1,7,1,5,1,2,6,3,4,3,1,5,6,2,5,3,2,4,3,6,4,4,2,3,6,3,3,4,5,2,2,2,5,3,6,3,4,4,6,3,3,5,4,5,6,3,一般了解：仅了解少量乐理，主要是听歌，偶尔有一些简单演奏或相关知识,我每周里有3~5天会听音乐，每次时长不限,男,25-34岁,普通职员(公司/企业/事业单位/党政机关),咸阳市,西安市,-1,1
vNz1nVvPdBV,pLzRq1LE,2025/4/4 23:46,2025/4/5 0:07,1255,1,rQrY32,音乐片段感受调研问卷_见数数据库4,211.90.249.200,121.4992121,28.411695,浙江省,台州市,MOBILE,iOS,Apple WebKit,440px*956px,"M2,C2,M5,S4,M3,test2,M1,U3,I2,C5,test1,I1,I3,C3,I4,I5,S5,U1,M4,U5,U2,U4,S2,S3,S1,C1,C4",1,3,1,6,1,3,1,5,1,5,1,5,1,5,1,4,1,4,1,4,1,3,1,3,1,3,1,3,1,5,1,4,1,5,没有出现人声,1,4,1,5,1,4,1,5,1,4,1,5,1,4,1,4,1,3,1,3,1,1,6,5,5,2,1,2,5,1,5,5,2,5,1,5,2,2,5,1,5,5,1,5,5,2,6,1,5,5,5,5,1,1,5,5,5,5,6,5,5,5,较为熟悉：自学/半专业，曾经系统练习或参加乐团/乐队，对乐理或技能有一定掌握,我几乎每天都听音乐，但每天 1~2 小时左右,男,35-44岁,领导干部(公司/企业/事业单位/党政机关),台州,上海,0,1
WPoxGXJBE2X,yevmPaVL,2025/4/4 23:46,2025/4/5 0:07,1234,1,rQrY32,音乐片段感受调研问卷_见数数据库4,171.35.156.44,116.822161,27.72973,江西省,抚州市,MOBILE,Android,Chrome,376px*835px,"M1,U2,C4,C3,I4,I3,S4,C5,M3,M5,S3,M4,U5,U1,I2,U4,M2,C1,U3,S1,S5,test1,test2,C2,I5,S2,I1",1,6,1,5,1,4,1,5,1,4,1,5,1,4,1,5,1,5,1,5,1,5,2,4,1,4,1,4,1,5,1,3,1,5,没有出现人声,1,5,1,4,1,4,1,3,1,3,2,4,1,3,1,4,1,3,1,3,1,2,4,6,4,4,1,3,5,2,3,3,4,5,2,4,4,4,4,1,5,4,3,5,5,2,4,2,5,5,5,4,3,2,5,4,4,2,5,6,5,4,一般了解：仅了解少量乐理，主要是听歌，偶尔有一些简单演奏或相关知识,我每周里有3~5天会听音乐，每次时长不限,女,18-25岁,普通职员(公司/企业/事业单位/党政机关),江西省抚州市,江西省抚州市,0,1
WPoxGY0XGvX,z7lYXYJL,2025/4/4 23:45,2025/4/5 0:06,1246,1,rQrY32,音乐片段感受调研问卷_见数数据库4,39.155.20.120,119.363375,43.973288,内蒙古自治区,赤峰市,MOBILE,Android,Chrome,360px*720px,"S3,M1,U1,C5,M4,I3,U4,M2,test2,U3,C1,M3,C3,I2,test1,C2,C4,S2,M5,U5,S4,U2,I1,I5,S5,S1,I4",1,5,1,3,1,2,1,4,1,3,1,4,1,4,1,6,1,7,1,5,1,3,1,3,1,5,1,6,1,5,1,5,1,6,没有出现人声,1,5,1,6,1,5,1,6,1,5,1,7,1,6,1,4,1,5,1,6,1,3,6,5,5,2,1,2,6,1,5,5,4,5,1,5,1,2,6,1,4,4,2,6,5,4,6,2,6,6,5,5,3,3,6,5,6,4,6,5,5,6,一般了解：仅了解少量乐理，主要是听歌，偶尔有一些简单演奏或相关知识,我几乎每天都听音乐，但每天不到 1 小时,女,35-44岁,领导干部(公司/企业/事业单位/党政机关),杭州,杭州,-1,1
XObvjgp2Gmo,ve8kgddL,2025/4/4 23:44,2025/4/5 0:06,1285,1,rQrY32,音乐片段感受调研问卷_见数数据库4,220.160.26.214,119.3510284,26.0760993,福建省,福州市,MOBILE,iOS,WeChat,393px*852px,"test2,I2,S2,I3,C1,S1,M5,test1,U4,U5,S3,I5,I1,U2,M2,S5,I4,M4,C3,C4,M3,C2,S4,C5,U3,M1,U1",1,5,1,5,1,7,1,5,1,3,1,6,1,5,1,6,1,6,1,6,1,5,1,4,1,5,1,5,1,7,1,4,1,4,没有出现人声,1,3,1,2,1,2,1,2,1,4,1,5,1,6,1,6,1,5,1,3,1,5,5,5,3,3,1,5,4,2,2,4,6,3,2,2,3,5,5,2,3,2,5,5,5,3,4,5,5,6,2,4,6,2,3,2,4,2,3,5,3,3,一般了解：仅了解少量乐理，主要是听歌，偶尔有一些简单演奏或相关知识,我每周里1~2天会听音乐,女,18-25岁,初高中学生/大学生/研究生/博士,福州,福州,0,-1
nN6l0lPRDEB,Jek12RQ7,2025/4/4 23:45,2025/4/5 0:05,1205,1,rQrY32,音乐片段感受调研问卷_见数数据库4,39.144.57.147,121.148092,40.927928,辽宁省,盘锦市,MOBILE,Android,Chrome,360px*780px,"I4,S4,M4,S2,S3,M2,M5,U1,M3,I3,U4,C4,C3,I2,S5,test1,U5,C5,I5,test2,S1,U2,M1,C1,C2,I1,U3",1,6,1,6,1,6,1,5,1,5,1,5,1,5,1,5,1,5,2,5,1,5,1,6,1,6,1,7,1,6,1,5,1,5,没有出现人声,2,4,1,4,1,5,1,5,1,5,1,5,1,5,2,5,1,5,1,5,1,4,5,5,4,5,1,3,5,3,4,3,3,4,3,4,5,3,5,3,5,3,3,4,5,4,4,3,4,4,4,3,3,3,5,4,3,5,4,4,4,5,一般了解：仅了解少量乐理，主要是听歌，偶尔有一些简单演奏或相关知识,我几乎每天都听音乐，但每天 1~2 小时左右,男,18-25岁,初高中学生/大学生/研究生/博士,开封,锦州,0,0
mnmaOgEgA3g,5Lw1dzpM,2025/4/4 23:45,2025/4/5 0:05,1178,1,rQrY32,音乐片段感受调研问卷_见数数据库4,211.90.253.30,119.405495,29.2398318,浙江省,金华市,MOBILE,iOS,Apple WebKit,428px*926px,"I3,M4,U3,C3,S2,U2,U5,I1,S3,I4,M3,I5,C4,S4,I2,U1,C5,S1,C2,C1,S5,M1,test2,U4,M2,M5,test1",1,4,1,3,1,3,1,4,1,2,1,5,1,4,1,5,1,5,1,5,1,3,1,2,1,4,1,4,1,4,1,3,1,2,没有出现人声,1,5,1,3,1,4,1,3,1,5,1,3,1,3,1,4,1,5,1,3,1,5,5,4,3,5,1,6,5,5,3,2,5,4,3,1,6,6,5,2,5,3,4,3,5,2,3,5,5,5,4,5,4,4,5,2,3,6,4,5,5,3,一般了解：仅了解少量乐理，主要是听歌，偶尔有一些简单演奏或相关知识,我几乎每天都听音乐，但每天 1~2 小时左右,男,35-44岁,领导干部(公司/企业/事业单位/党政机关),河南省,浙江省,0,0
WPoxGzE2ZG0,2MdPrNbM,2025/4/4 23:45,2025/4/5 0:05,1150,1,rQrY32,音乐片段感受调研问卷_见数数据库4,106.83.32.76,106.8182341,29.0808885,重庆市,,MOBILE,iOS,Apple WebKit,390px*844px,"S2,M1,I1,U1,I2,U5,I3,S5,U4,C4,U3,S3,M3,S4,C1,C5,S1,C3,I5,C2,M4,test1,M2,U2,test2,I4,M5",1,5,1,3,1,5,1,6,1,5,1,6,1,5,1,4,1,5,1,4,1,5,1,3,1,4,1,5,1,7,1,2,1,5,没有出现人声,1,4,1,6,1,3,1,3,1,3,1,5,1,5,1,4,1,5,1,5,1,2,4,5,4,4,1,2,5,4,2,2,2,4,4,3,5,2,3,1,5,3,2,4,6,2,2,4,2,3,6,5,1,4,5,5,2,4,4,5,3,2,一般了解：仅了解少量乐理，主要是听歌，偶尔有一些简单演奏或相关知识,我每周里有3~5天会听音乐，每次时长不限,男,18-25岁,初高中学生/大学生/研究生/博士,重庆市,重庆市南岸区,-1,0
XObvj1XnPo8,ve80abxe,2025/4/4 23:46,2025/4/5 0:04,1128,1,rQrY32,音乐片段感受调研问卷_见数数据库4,60.0.25.46,114.454692,37.891892,河北省,石家庄市,MOBILE,Android,Chrome,686px*1143px,"S1,C4,test1,I4,U2,M5,C3,U5,M4,S5,I5,U1,S2,C2,M1,test2,S4,C1,C5,S3,U3,I2,I3,M3,M2,I1,U4",1,7,1,6,1,5,1,6,1,6,1,6,1,6,1,5,1,5,1,5,1,6,1,6,1,6,1,7,1,7,2,5,1,3,没有出现人声,1,1,1,3,1,3,1,3,1,2,1,2,1,2,1,3,1,1,1,2,1,4,5,5,3,6,1,4,6,2,1,2,6,5,2,1,6,4,5,2,3,1,6,5,5,2,2,5,4,5,3,2,6,3,5,2,2,2,5,5,3,3,纯粹爱好/不了解：不涉及任何乐理或演奏学习，听歌只为娱乐放松,我每周里有3~5天会听音乐，每次时长不限,女,18-25岁,初高中学生/大学生/研究生/博士,石家庄,河北，石家庄,0,0
XObvjqvdVYo,QL0dOVNL,2025/4/4 23:45,2025/4/5 0:04,1134,1,rQrY32,音乐片段感受调研问卷_见数数据库4,223.104.91.10,109.541881,23.531532,广西壮族自治区,来宾市,MOBILE,Android,Chrome,367px*814px,"U1,U4,S2,I5,S1,C2,C1,C3,M4,test1,M2,S4,M5,C4,test2,I3,C5,S5,M1,S3,I4,U3,M3,U5,U2,I1,I2",1,3,1,7,1,5,1,6,1,5,1,5,1,2,1,7,1,6,1,3,1,5,1,6,1,7,1,6,1,4,1,6,1,7,没有出现人声,1,4,1,7,1,4,1,5,1,4,1,6,1,5,1,5,1,6,1,3,1,3,6,6,5,2,1,4,5,2,6,5,2,4,2,4,2,3,6,1,6,4,3,5,5,4,4,4,6,6,4,6,3,1,6,5,5,4,5,4,5,4,纯粹爱好/不了解：不涉及任何乐理或演奏学习，听歌只为娱乐放松,我几乎每天都听音乐，且每天超过 2 小时,女,18-25岁,普通职员(公司/企业/事业单位/党政机关),广西壮族自治区,广西柳州,1,1
oB95O2Dg2ZR,ve8agEdM,2025/4/4 23:45,2025/4/5 0:04,1093,1,rQrY32,音乐片段感受调研问卷_见数数据库4,222.178.202.93,106.421111,29.829059,重庆市,,MOBILE,Android,Chrome,360px*780px,"S2,U4,S4,C4,I1,M2,C3,U5,U3,C5,test2,M4,I4,test1,U1,S3,S5,S1,C1,I3,M1,M3,I5,U2,M5,C2,I2",1,3,5,2,1,3,1,6,1,3,1,5,1,5,1,5,1,6,1,3,11,5,1,3,1,2,15,2,1,3,1,1,1,4,没有出现人声,1,4,1,4,1,5,1,5,1,4,1,4,9,4,1,4,1,3,1,4,1,2,5,5,5,5,1,1,5,1,2,1,3,6,2,2,5,3,6,2,4,3,2,5,5,2,2,2,5,6,4,4,3,1,5,4,2,5,5,6,4,1,纯粹爱好/不了解：不涉及任何乐理或演奏学习，听歌只为娱乐放松,我几乎每天都听音乐，但每天 1~2 小时左右,男,18-25岁,初高中学生/大学生/研究生/博士,新疆,重庆,-1,0
lxzjWKZRbEq,oe41vpXM,2025/4/4 23:45,2025/4/5 0:03,1112,1,rQrY32,音乐片段感受调研问卷_见数数据库4,39.144.249.105,117.3497222,23.683722,福建省,漳州市,MOBILE,iOS,Apple WebKit,375px*812px,"U4,U1,test1,C2,M1,U3,I1,M2,C4,test2,I3,S1,U5,C3,M5,U2,S5,I2,M3,S2,C1,S3,M4,I5,S4,C5,I4",1,3,1,4,1,2,1,5,1,3,1,5,1,4,1,5,1,5,1,3,1,5,1,2,1,3,1,3,1,4,1,3,1,5,没有出现人声,1,6,1,6,1,6,1,4,1,3,1,5,1,5,1,5,1,5,1,4,1,4,5,6,4,2,1,3,6,2,5,5,2,4,2,5,3,5,5,2,5,4,4,5,5,3,3,4,5,5,5,6,5,2,5,5,4,4,5,5,4,4,纯粹爱好/不了解：不涉及任何乐理或演奏学习，听歌只为娱乐放松,我每周里有3~5天会听音乐，每次时长不限,女,25-34岁,普通职员(公司/企业/事业单位/党政机关),福建省漳州市,漳州市,0,0
vNz1nwRyGkx,AM9N2gV7,2025/4/4 23:46,2025/4/5 0:03,1024,1,rQrY32,音乐片段感受调研问卷_见数数据库4,101.70.120.117,120.208263,30.175752,浙江省,杭州市,MOBILE,Android,Chrome,377px*810px,"S2,M2,I4,C3,S3,C1,U1,C4,U2,M5,M3,I1,C5,U4,M4,U5,M1,I3,S1,S5,test2,C2,U3,test1,I2,S4,I5",1,4,1,5,1,5,1,6,1,5,1,5,1,5,1,5,1,4,1,5,1,5,1,6,1,5,1,7,1,6,1,4,1,6,没有出现人声,1,6,1,7,1,6,1,6,1,4,1,4,1,4,1,6,1,5,1,7,1,1,5,2,5,5,1,3,5,6,5,2,4,5,5,4,6,4,5,5,5,5,4,5,2,5,5,4,5,3,5,4,1,3,3,6,2,4,5,1,5,5,纯粹爱好/不了解：不涉及任何乐理或演奏学习，听歌只为娱乐放松,我几乎每天都听音乐，但每天 1~2 小时左右,女,25-34岁,普通职员(公司/企业/事业单位/党政机关),黑龙江,天津,1,0
vNzE5VAwrOV,J7qWppqe,2025/4/4 23:46,2025/4/4 23:59,798,1,rQrY32,音乐片段感受调研问卷_见数数据库4,223.104.147.16,118.3764691,33.7615937,江苏省,宿迁市,MOBILE,iOS,Apple WebKit,390px*844px,"M1,test1,M4,C4,C1,U1,U4,I4,I3,C3,U2,U3,S1,S3,test2,I1,I2,S5,I5,M3,C5,M5,C2,S2,U5,M2,S4",1,6,1,6,2,5,1,5,1,5,1,5,2,5,1,6,1,6,1,5,1,6,1,5,1,5,1,5,1,6,1,4,1,5,没有出现人声,1,5,1,4,2,4,1,5,2,6,1,4,1,5,1,5,3,6,2,5,1,1,5,5,5,1,1,1,5,1,5,5,1,5,1,5,1,1,5,1,5,5,1,5,5,5,5,1,5,5,5,5,1,1,5,5,5,5,5,5,5,5,一般了解：仅了解少量乐理，主要是听歌，偶尔有一些简单演奏或相关知识,我每周里1~2天会听音乐,女,25-34岁,领导干部(公司/企业/事业单位/党政机关),江苏宿迁,江苏宿迁,0,-1
Q4x6EV6VBRW,KLOdOQde,2025/4/4 23:46,2025/4/4 23:59,767,1,rQrY32,音乐片段感受调研问卷_见数数据库4,106.16.201.110,113.035669,28.216216,湖南省,长沙市,MOBILE,Android,Chrome,320px*715px,"M2,I2,M4,test1,C2,U2,S1,I4,I3,U3,S5,S3,test2,C4,U1,I1,U4,M5,S4,C1,C3,U5,C5,M3,M1,S2,I5",1,4,1,5,1,5,1,5,1,5,1,6,1,5,1,5,1,4,1,5,1,5,1,5,1,5,1,5,1,5,1,6,1,5,没有出现人声,15,3,1,2,1,2,1,3,1,5,1,5,1,4,1,5,13,6,1,4,1,2,6,5,6,2,1,2,6,2,4,4,2,4,2,4,2,3,5,2,5,4,2,4,5,4,4,2,6,5,5,5,2,1,5,6,4,5,6,5,5,4,纯粹爱好/不了解：不涉及任何乐理或演奏学习，听歌只为娱乐放松,我几乎每天都听音乐，但每天 1~2 小时左右,女,25-34岁,普通职员(公司/企业/事业单位/党政机关),江苏省徐州市,江苏省南京市,1,1
mnmEY3xYB14,5M2Qmdke,2025/4/4 23:45,2025/4/4 23:58,799,1,rQrY32,音乐片段感受调研问卷_见数数据库4,223.104.132.202,113.056117,28.216216,湖南省,长沙市,MOBILE,Android,Chrome,360px*800px,"M3,S2,U5,C4,test2,I4,C5,test1,S1,I2,U3,S4,C3,I3,M1,M2,I1,S3,M5,I5,S5,C1,U1,M4,U2,U4,C2",1,5,1,5,1,5,1,6,1,4,1,6,1,4,1,5,1,6,1,5,1,5,1,5,1,5,1,5,1,5,1,5,1,5,没有出现人声,1,2,1,4,1,3,1,3,1,6,1,4,1,3,1,5,1,6,1,4,1,2,6,5,5,2,1,1,6,2,4,4,2,5,3,3,2,2,5,2,6,4,2,5,5,3,4,2,6,5,5,5,3,1,5,5,4,5,6,5,6,4,纯粹爱好/不了解：不涉及任何乐理或演奏学习，听歌只为娱乐放松,我几乎每天都听音乐，但每天 1~2 小时左右,女,25-34岁,普通职员(公司/企业/事业单位/党政机关),湖南省邵阳市,湖南省长沙市,-1,1
gnBxGdZPGdQ,kMrDOakL,2025/4/4 23:39,2025/4/4 23:58,1178,1,rQrY32,音乐片段感受调研问卷_见数数据库4,220.169.161.13,113.1010666,29.3769901,湖南省,岳阳市,MOBILE,iOS,WeChat,430px*932px,"test1,S5,U1,C2,C5,C3,I3,test2,C1,U5,M5,I4,I5,U3,C4,I1,U4,U2,S1,M4,M2,M1,S2,I2,M3,S4,S3",1,3,1,5,1,5,4,5,1,2,1,5,1,5,1,4,1,5,3,6,1,5,1,2,4,3,1,4,1,6,1,3,1,5,没有出现人声,3,5,1,6,4,4,4,3,1,6,4,6,1,5,4,2,4,7,1,3,1,4,6,5,5,2,1,4,5,1,3,5,4,3,4,4,2,5,6,2,5,3,2,2,4,3,4,5,4,3,6,4,6,1,3,4,4,2,3,5,6,4,一般了解：仅了解少量乐理，主要是听歌，偶尔有一些简单演奏或相关知识,我几乎每天都听音乐，且每天超过 2 小时,男,18-25岁,初高中学生/大学生/研究生/博士,宜春,岳阳,-1,1
nN6ErG5gdgd,leN6dbme,2025/4/4 23:36,2025/4/4 23:56,1225,1,rQrY32,音乐片段感受调研问卷_见数数据库4,113.68.182.226,113.179795,23.455341,广东省,广州市,MOBILE,Android,WeChat,400px*867px,"C2,U4,M1,M5,I3,I2,M3,S2,I1,U1,U5,I4,test2,test1,C5,I5,S3,S4,C4,M2,C1,S5,U2,C3,M4,U3,S1",1,5,1,2,1,3,1,2,1,2,1,5,1,2,1,3,1,2,1,6,1,6,1,2,1,3,1,3,1,2,1,2,1,7,没有出现人声,1,6,1,6,1,7,1,7,1,5,1,6,1,5,1,2,1,5,1,6,1,1,6,6,6,1,1,1,5,2,5,6,2,5,2,5,1,1,5,2,5,5,2,6,6,5,6,1,5,5,5,5,2,1,6,5,6,6,6,6,5,6,一般了解：仅了解少量乐理，主要是听歌，偶尔有一些简单演奏或相关知识,我几乎每天都听音乐，但每天 1~2 小时左右,男,35-44岁,领导干部(公司/企业/事业单位/党政机关),深圳市,广州市,1,1
XObQXyv35jj,DMxvE5aL,2025/4/4 23:43,2025/4/4 23:55,732,1,rQrY32,音乐片段感受调研问卷_见数数据库4,182.98.48.233,114.940278,25.85097,江西省,赣州市,MOBILE,Android,Chrome,388px*883px,"U5,I2,M2,S4,S1,S5,I4,M4,M3,I1,C1,U2,U1,test2,C4,M1,I5,test1,M5,C3,C5,C2,S2,S3,I3,U4,U3",1,6,1,4,1,7,1,4,1,7,1,4,1,4,1,6,1,6,1,2,1,5,1,6,1,6,1,7,1,5,1,5,1,1,没有出现人声,1,1,11,1,1,1,1,1,1,2,1,2,1,1,1,3,1,2,1,2,1,2,5,5,6,2,1,2,5,2,4,5,1,4,2,4,1,2,4,1,6,4,1,5,5,5,6,1,6,4,5,5,2,2,5,4,5,6,5,5,6,4,一般了解：仅了解少量乐理，主要是听歌，偶尔有一些简单演奏或相关知识,我几乎每天都听音乐，但每天不到 1 小时,男,35-44岁,普通职员(公司/企业/事业单位/党政机关),福建,江西,0,1
bNGjv9XwznR,8MZ2Va8M,2025/4/4 23:42,2025/4/4 23:54,715,1,rQrY32,音乐片段感受调研问卷_见数数据库4,182.102.66.110,115.892151,28.676493,江西省,南昌市,MOBILE,Android,Chrome,393px*873px,"test1,S2,S1,U4,S4,I3,I1,M3,I5,M2,I2,C5,C4,S3,C1,I4,test2,U2,C2,M1,C3,U5,S5,M5,U1,M4,U3",1,6,1,5,1,6,1,6,1,4,1,4,1,3,1,5,1,5,1,5,1,6,1,5,1,5,1,7,1,5,1,5,1,2,没有出现人声,1,1,1,1,1,1,1,2,1,3,1,1,1,2,1,2,1,1,1,2,1,1,6,5,6,1,1,2,4,1,5,5,2,4,2,4,2,2,4,1,6,4,3,5,5,5,5,2,5,5,5,4,2,2,6,6,6,6,4,5,5,6,纯粹爱好/不了解：不涉及任何乐理或演奏学习，听歌只为娱乐放松,我每周里1~2天会听音乐,男,45-54岁,普通职员(公司/企业/事业单位/党政机关),宜春,吉安,0,-1
Q4x6yEgARkq,Ke5NgnNM,2025/4/4 23:25,2025/4/4 23:46,1253,1,rQrY32,音乐片段感受调研问卷_见数数据库4,58.51.49.58,112.1310261,32.0387578,湖北省,襄阳市,COMPUTER,Windows,Chrome,1951px*1098px,"C5,C2,M1,M4,I1,C3,U5,S5,S1,test1,U3,S4,U2,I4,S3,S2,test2,I2,U4,M3,C4,I5,C1,I3,M2,M5,U1",1,5,1,4,1,7,1,6,1,4,1,7,1,7,1,7,1,6,1,5,1,7,1,4,1,5,1,7,1,5,1,5,1,3,没有出现人声,1,1,1,2,1,1,1,1,1,3,1,3,1,4,1,2,1,4,1,4,1,3,6,5,5,4,1,3,4,1,4,5,5,4,1,3,4,5,6,2,6,4,2,4,5,3,6,3,6,5,5,5,4,2,6,5,5,2,4,6,5,6,一般了解：仅了解少量乐理，主要是听歌，偶尔有一些简单演奏或相关知识,我几乎每天都听音乐，但每天 1~2 小时左右,男,35-44岁,领导干部(公司/企业/事业单位/党政机关),襄阳,襄阳,1,-1
vNzErk8Nb1b,pLzlbOkM,2025/4/4 23:28,2025/4/4 23:45,1000,1,rQrY32,音乐片段感受调研问卷_见数数据库4,117.152.68.222,114.382563,30.468995,湖北省,武汉市,MOBILE,Android,WeChat,400px*890px,"M4,I5,S2,I1,test1,S1,I2,S5,U2,C4,C3,S4,U3,M1,I4,S3,U4,C1,M3,I3,test2,M5,U5,M2,U1,C5,C2",1,4,1,3,1,5,1,6,1,3,1,5,1,5,1,5,1,5,1,6,1,6,1,6,1,5,1,6,1,7,1,4,2,5,没有出现人声,1,7,1,6,1,5,1,7,1,5,1,5,1,4,1,3,1,5,1,6,1,1,6,5,5,4,1,1,5,1,5,2,1,4,1,6,4,1,5,1,5,3,1,5,5,4,5,1,6,5,6,4,1,1,5,5,2,5,5,6,6,6,纯粹爱好/不了解：不涉及任何乐理或演奏学习，听歌只为娱乐放松,我每周里有3~5天会听音乐，每次时长不限,女,35-44岁,工厂技术人员/工厂主管,恩琪,武汉,0,1
XObQnrN0Zr8,pLzlvg1M,2025/4/4 23:28,2025/4/4 23:45,986,1,rQrY32,音乐片段感受调研问卷_见数数据库4,58.247.23.102,121.487898,31.381358,上海市,市辖区,MOBILE,Android,WeChat,400px*889px,"M5,U1,S4,C3,U3,test2,test1,M3,I2,I4,I3,C4,M1,C1,C5,C2,S5,S3,U5,U4,M4,S1,I5,S2,U2,M2,I1",1,5,1,6,1,6,1,6,1,6,1,7,1,5,1,7,1,6,1,7,1,6,1,5,1,5,1,6,1,5,1,7,1,1,没有出现人声,1,1,1,3,1,2,1,2,1,3,1,4,1,3,1,2,1,3,1,4,1,1,4,5,6,1,1,3,5,2,6,5,3,6,2,5,3,1,6,1,4,4,1,6,5,5,6,1,6,5,5,5,3,2,6,6,5,6,6,5,5,6,纯粹爱好/不了解：不涉及任何乐理或演奏学习，听歌只为娱乐放松,我几乎每天都听音乐，但每天不到 1 小时,男,55-64岁,领导干部(公司/企业/事业单位/党政机关),济南,上海,1,1
gnBxz5vlGOO,DMxzqlmL,2025/4/4 23:27,2025/4/4 23:43,947,1,rQrY32,音乐片段感受调研问卷_见数数据库4,180.164.78.150,121.484173,31.404204,上海市,市辖区,MOBILE,Android,WeChat,400px*889px,"C3,M4,C4,U5,U4,I1,I3,C1,I5,U3,I4,test1,S5,M3,C5,I2,S3,M1,S4,S1,test2,U2,M2,S2,U1,C2,M5",1,5,1,5,1,5,1,5,17,5,1,7,1,6,1,6,1,6,1,6,1,6,1,5,1,5,1,7,1,6,1,5,1,3,没有出现人声,1,1,1,4,1,2,1,1,1,4,1,4,1,4,1,4,1,4,1,4,1,2,6,6,4,1,1,1,5,1,5,4,2,4,1,5,1,2,4,2,4,5,2,6,4,4,3,1,6,6,6,5,1,1,6,5,5,5,4,6,6,3,一般了解：仅了解少量乐理，主要是听歌，偶尔有一些简单演奏或相关知识,我每周里有3~5天会听音乐，每次时长不限,男,35-44岁,普通职员(公司/企业/事业单位/党政机关),上海市,上海市,0,0
nN6EPzRV4WR,oe4q6QmM,2025/4/4 23:29,2025/4/4 23:40,669,1,rQrY32,音乐片段感受调研问卷_见数数据库4,106.224.77.253,114.899027,25.866922,江西省,赣州市,MOBILE,Android,WeChat,400px*889px,"M4,I2,M2,S2,test1,S5,S4,M5,S1,C1,I4,U4,test2,C4,I1,C2,U2,S3,I3,U1,M3,C5,M1,C3,U3,I5,U5",1,7,10,3,1,5,1,5,1,7,1,5,1,5,1,5,1,5,1,3,1,4,1,5,10,3,1,5,1,5,1,5,1,1,没有出现人声,13,1,37,2,1,1,1,1,1,2,1,1,16,2,1,2,1,2,1,2,1,2,5,5,5,1,1,2,4,1,5,5,1,4,2,4,2,1,4,2,5,4,1,4,6,5,5,2,6,4,6,5,1,2,6,6,4,5,6,6,5,5,纯粹爱好/不了解：不涉及任何乐理或演奏学习，听歌只为娱乐放松,我每周里1~2天会听音乐,女,35-44岁,领导干部(公司/企业/事业单位/党政机关),南昌,赣州,0,-1
mnmEa0kEvEp,Ke5nlBVM,2025/4/4 21:32,2025/4/4 21:48,995,1,rQrY32,音乐片段感受调研问卷_见数数据库4,106.46.235.241,112.966667,28.200001,河南省,郑州市,COMPUTER,Windows,Chrome,1920px*1080px,"C1,S3,U3,I4,U4,M2,C2,test2,S2,M4,test1,U5,I5,I1,S4,S5,U1,C5,I2,S1,U2,C3,M1,M5,M3,I3,C4",2,2,1,3,1,2,1,5,1,1,2,7,1,5,1,5,1,6,1,3,1,3,1,2,1,2,2,5,2,3,1,2,1,6,没有出现人声,1,7,1,7,1,6,2,6,1,5,2,6,2,6,3,7,1,7,1,7,1,1,6,5,4,1,1,2,6,1,6,5,2,6,2,6,1,2,6,1,5,5,2,5,5,5,5,2,5,5,6,6,1,2,5,6,5,5,5,6,4,5,一般了解：仅了解少量乐理，主要是听歌，偶尔有一些简单演奏或相关知识,我几乎每天都听音乐，但每天 1~2 小时左右,男,18-25岁,商业/服务业从业人员,郑州市,郑州市,-1,0
XObQQXGVrv5,nePEqoAM,2025/4/4 21:28,2025/4/4 21:48,1186,1,rQrY32,音乐片段感受调研问卷_见数数据库4,223.104.66.252,112.476607,23.0035034,广东省,茂名市,COMPUTER,Windows,Chrome,1440px*900px,"C1,M4,M2,test1,U4,C4,S1,M3,S3,test2,U3,I4,S5,I1,M5,S4,U5,I3,C3,I5,I2,U1,C5,M1,S2,C2,U2",1,5,1,5,1,4,1,5,1,4,1,6,1,5,1,5,1,4,1,4,1,4,1,4,1,5,1,5,1,5,1,4,1,4,没有出现人声,1,4,1,4,1,4,1,4,1,5,1,4,1,4,1,4,1,5,1,5,1,3,4,5,5,3,1,3,3,3,4,4,4,2,2,5,4,5,3,2,4,3,4,3,5,4,4,3,4,4,4,6,3,3,5,4,3,3,4,4,4,4,一般了解：仅了解少量乐理，主要是听歌，偶尔有一些简单演奏或相关知识,我几乎每天都听音乐，但每天不到 1 小时,女,25-34岁,普通职员(公司/企业/事业单位/党政机关),广东省中山市,广东省肇庆市,1,0
XObQQ22GG58,p7YvO4xL,2025/4/4 21:28,2025/4/4 21:48,1175,1,rQrY32,音乐片段感受调研问卷_见数数据库4,117.10.94.159,117.149926,39.150107,天津市,市辖区,MOBILE,Android,WeChat,360px*780px,"U4,S3,S1,C5,U2,test1,C4,I5,S5,I2,test2,U1,M3,C3,S4,C2,I4,I3,M5,S2,C1,U3,U5,M4,M2,I1,M1",1,4,1,3,1,7,1,5,1,6,1,3,1,5,1,6,1,6,1,3,1,4,1,4,1,4,1,6,1,5,1,3,1,5,没有出现人声,1,5,1,5,1,6,1,5,1,6,1,5,1,4,1,3,1,5,1,5,1,2,5,5,5,3,1,5,6,2,3,4,5,6,2,4,6,3,6,2,4,2,3,5,5,3,2,4,4,5,5,4,5,2,5,5,4,2,6,5,4,3,一般了解：仅了解少量乐理，主要是听歌，偶尔有一些简单演奏或相关知识,我每周里有3~5天会听音乐，每次时长不限,男,25-34岁,普通职员(公司/企业/事业单位/党政机关),天津,天津,0,1
NRnxxKVdjbJ,oe4gb9DL,2025/4/4 21:28,2025/4/4 21:46,1106,1,rQrY32,音乐片段感受调研问卷_见数数据库4,42.225.14.38,114.020996,32.982405,河南省,驻马店市,MOBILE,Android,WeChat,375px*828px,"C2,U5,M3,I3,S3,M2,U3,U4,test1,M1,M5,I1,S4,U1,S5,test2,C3,C5,S2,S1,I2,I4,C4,C1,I5,U2,M4",1,5,1,6,1,4,1,5,1,3,1,5,1,5,1,5,1,4,1,3,1,3,1,5,1,5,1,6,1,4,1,3,1,6,没有出现人声,1,5,1,5,1,4,1,5,1,4,1,3,1,3,1,4,1,5,1,5,1,2,5,2,4,4,1,2,5,2,3,2,4,5,3,3,4,3,4,2,4,3,3,5,4,3,4,3,5,5,4,4,3,2,5,4,4,3,5,5,5,4,一般了解：仅了解少量乐理，主要是听歌，偶尔有一些简单演奏或相关知识,我几乎每天都听音乐，但每天不到 1 小时,男,55-64岁,普通职员(公司/企业/事业单位/党政机关),河南省驻马店市,河南省驻马店市,1,0
lxzBqy1oqY2,xLV3pyRe,2025/4/4 21:28,2025/4/4 21:40,691,1,rQrY32,音乐片段感受调研问卷_见数数据库4,125.88.24.213,113.341029,23.171171,广东省,广州市,MOBILE,Android,Chrome,361px*801px,"test1,I5,U1,M2,S5,S1,S3,test2,U2,C3,S2,U5,I2,I3,C2,M3,M1,C4,I4,M5,C5,U4,M4,S4,I1,U3,C1",1,6,144,6,1,6,1,7,84,6,1,5,85,5,1,5,1,5,1,4,1,5,1,7,1,7,1,7,1,6,1,6,1,2,没有出现人声,1,2,1,2,64,2,1,2,1,3,106,1,1,2,91,4,1,2,1,3,1,2,5,6,4,5,1,3,4,3,5,2,3,4,3,4,5,2,6,4,5,3,2,5,6,4,4,3,6,4,5,5,2,2,5,5,2,4,6,4,5,4,较为熟悉：自学/半专业，曾经系统练习或参加乐团/乐队，对乐理或技能有一定掌握,我几乎每天都听音乐，但每天 1~2 小时左右,男,35-44岁,领导干部(公司/企业/事业单位/党政机关),广州,广州,0,-1
XObQdwOBb35,kM1j59D7,2025/4/4 21:29,2025/4/4 21:38,538,1,rQrY32,音乐片段感受调研问卷_见数数据库4,123.101.245.22,112.527486,32.990539,河南省,郑州市,MOBILE,Android,Chrome,393px*873px,"I1,M3,U4,S1,I4,U1,M2,C2,C4,S3,S2,S5,M5,M1,I3,test2,U3,S4,U2,C1,test1,I2,C5,M4,I5,C3,U5",1,5,1,4,1,5,1,7,1,5,1,7,1,6,1,5,1,5,1,5,1,5,1,6,1,4,2,3,1,5,1,3,2,5,没有出现人声,1,6,1,6,2,6,1,5,2,5,1,6,1,5,1,7,1,3,1,5,1,3,5,5,5,2,1,2,5,4,5,5,4,5,3,5,3,2,5,3,5,5,3,5,3,3,5,3,5,4,5,5,2,2,5,5,5,3,4,4,5,5,一般了解：仅了解少量乐理，主要是听歌，偶尔有一些简单演奏或相关知识,我每周里有3~5天会听音乐，每次时长不限,女,35-44岁,领导干部(公司/企业/事业单位/党政机关),广州,广州,0,1
nN6EgA8o8RR,2Md8gEmM,2025/4/4 20:26,2025/4/4 20:48,1288,1,rQrY32,音乐片段感受调研问卷_见数数据库4,1.83.68.162,109.222948,34.590045,陕西省,西安市,MOBILE,Android,Chrome,360px*800px,"S3,I4,U4,M4,M2,S5,U5,M3,S4,U3,I1,C2,C3,U1,I5,C1,test1,S2,M5,I3,C4,test2,C5,S1,U2,I2,M1",1,5,1,5,1,3,1,7,1,6,1,5,1,4,1,5,1,5,1,6,1,6,1,5,1,3,1,6,1,5,1,6,1,4,没有出现人声,1,3,1,2,1,4,1,2,1,5,1,5,1,5,1,5,1,5,1,4,1,1,5,4,4,4,1,2,5,2,4,3,5,5,2,3,5,5,5,2,5,4,4,5,5,3,5,2,5,4,5,5,4,2,5,5,4,4,5,4,4,4,一般了解：仅了解少量乐理，主要是听歌，偶尔有一些简单演奏或相关知识,我每周里有3~5天会听音乐，每次时长不限,男,55-64岁,普通职员(公司/企业/事业单位/党政机关),重庆,陕西,0,0
nN6ERjkOpPd,J7BGKVZL,2025/4/4 20:20,2025/4/4 20:38,1066,1,rQrY32,音乐片段感受调研问卷_见数数据库4,111.55.25.108,115.068067,38.944964,河北省,保定市,MOBILE,Android,Chrome,412px*892px,"U2,test2,I3,C1,I4,U4,S4,S3,U3,M3,C2,I5,S5,S2,U5,C4,M1,C3,U1,C5,M5,I2,M2,M4,I1,S1,test1",1,6,2,6,1,4,1,5,1,5,1,6,1,5,1,4,1,4,1,4,1,4,1,3,1,6,1,6,1,7,1,7,1,3,没有出现人声,1,3,1,2,1,1,1,3,1,6,1,6,1,5,1,5,1,4,1,5,1,3,5,5,4,6,1,2,6,3,3,2,3,5,3,2,6,3,4,3,3,2,4,5,5,2,1,5,5,4,5,2,3,2,4,6,2,2,5,5,4,2,纯粹爱好/不了解：不涉及任何乐理或演奏学习，听歌只为娱乐放松,我每周里有3~5天会听音乐，每次时长不限,女,35-44岁,普通职员(公司/企业/事业单位/党政机关),保定,北京市,0,1
Q4x6dlngj14,9LQw24QM,2025/4/4 19:58,2025/4/4 20:37,2374,1,rQrY32,音乐片段感受调研问卷_见数数据库4,183.9.102.95,113.454301,23.189189,广东省,广州市,MOBILE,Android,Chrome,361px*801px,"S3,U3,C5,C1,test2,S5,I2,C3,test1,I1,S4,U4,M5,U1,C2,U5,I4,M2,M3,I3,S1,S2,U2,M4,M1,I5,C4",1,5,1,5,1,3,1,5,1,5,1,6,2,5,1,6,1,5,1,3,1,4,1,4,1,5,1,4,1,6,1,4,1,6,没有出现人声,1,2,1,5,1,3,1,5,1,3,1,6,1,5,1,6,1,2,1,3,1,2,5,6,6,2,1,3,4,3,5,5,6,4,2,6,3,2,6,5,5,4,2,5,6,5,4,3,4,5,5,4,2,3,4,5,6,3,5,4,5,5,一般了解：仅了解少量乐理，主要是听歌，偶尔有一些简单演奏或相关知识,我几乎每天都听音乐，但每天不到 1 小时,女,25-34岁,普通职员(公司/企业/事业单位/党政机关),中山,广州,1,1
lxzBK61DP5W,aMgzo8ne,2025/4/4 20:12,2025/4/4 20:34,1334,1,rQrY32,音乐片段感受调研问卷_见数数据库4,123.147.251.149,106.59293,29.668816,重庆市,市辖区,COMPUTER,Windows,Chrome,1280px*720px,"M4,M5,U5,M2,C3,I3,S3,I5,U2,I4,S2,I2,M1,U4,S5,C2,S4,test2,U1,C5,I1,U3,M3,C1,S1,test1,C4",1,6,1,4,1,5,1,6,1,6,1,5,1,5,1,5,1,5,1,6,1,4,1,5,1,6,1,5,1,5,1,5,2,2,没有出现人声,1,1,1,2,1,2,1,2,1,3,1,4,1,3,1,4,1,4,1,2,1,2,5,4,4,4,1,3,5,3,4,3,3,5,4,3,5,3,5,4,3,3,3,3,4,4,3,4,4,4,4,3,3,3,4,4,3,3,4,4,4,4,纯粹爱好/不了解：不涉及任何乐理或演奏学习，听歌只为娱乐放松,我几乎每天都听音乐，但每天不到 1 小时,女,18-25岁,初高中学生/大学生/研究生/博士,河南省周口市,重庆,0,1
oB9EJq69AKO,VMJ1n9Oe,2025/4/4 20:14,2025/4/4 20:32,1092,1,rQrY32,音乐片段感受调研问卷_见数数据库4,39.144.101.89,128.931135,42.723344,吉林省,延边朝鲜族自治州,MOBILE,Android,Chrome,320px*665px,"C1,test1,I2,C4,S1,test2,S5,S2,I4,I5,U4,I1,S4,M4,M2,M3,U1,S3,C2,U5,C5,U3,I3,M5,C3,M1,U2",1,7,1,6,1,7,1,5,1,7,1,6,1,6,1,6,1,5,1,6,1,6,1,7,1,5,1,2,1,6,1,6,2,7,没有出现人声,1,3,1,6,1,6,1,2,1,6,1,6,1,5,1,5,1,6,1,7,1,2,5,4,6,2,1,1,4,1,5,5,1,5,2,5,1,3,6,2,6,5,2,5,6,6,2,1,5,5,6,6,2,2,6,6,6,5,5,5,6,3,较为熟悉：自学/半专业，曾经系统练习或参加乐团/乐队，对乐理或技能有一定掌握,我几乎每天都听音乐，且每天超过 2 小时,女,25-34岁,普通职员(公司/企业/事业单位/党政机关),白城市,长春市,1,1
oB9EJqzG3O0,veEqjlKe,2025/4/4 20:08,2025/4/4 20:32,1408,1,rQrY32,音乐片段感受调研问卷_见数数据库4,113.122.135.97,119.465502,35.423423,山东省,东营市,MOBILE,Android,Chrome,360px*800px,"M2,S2,C5,C1,U3,U1,C3,I4,S5,M1,I3,S3,test1,I2,I1,S1,S4,I5,M5,U4,C2,U2,M4,U5,M3,test2,C4",1,6,1,7,1,6,1,7,1,6,1,7,1,6,1,7,1,6,1,6,1,6,1,6,1,6,1,7,1,7,1,7,1,7,没有出现人声,1,6,1,7,1,7,1,6,1,6,1,6,1,5,1,7,1,6,1,7,1,1,6,5,5,1,1,2,4,2,6,6,2,5,2,4,4,2,5,2,5,5,2,5,5,6,5,2,6,5,5,5,2,2,5,5,6,6,6,6,5,6,较为熟悉：自学/半专业，曾经系统练习或参加乐团/乐队，对乐理或技能有一定掌握,我几乎每天都听音乐，且每天超过 2 小时,女,25-34岁,领导干部(公司/企业/事业单位/党政机关),北京市,北京市,1,1
mnmEB5dy9od,me3lKAbM,2025/4/4 19:58,2025/4/4 20:32,2038,1,rQrY32,音乐片段感受调研问卷_见数数据库4,223.104.33.76,116.139215,30.224243,安徽省,淮南市,MOBILE,Android,Chrome,360px*800px,"I3,C1,M2,I1,U2,U3,C2,I2,C3,M5,U4,C4,S3,S4,M4,test1,U1,I4,S1,M3,M1,U5,S2,C5,S5,test2,I5",1,3,1,4,1,4,1,2,2,4,1,6,1,3,1,5,1,5,1,3,1,3,1,4,1,3,1,2,1,2,1,2,1,6,没有出现人声,1,6,1,6,1,5,1,7,1,5,1,6,1,6,1,5,1,7,1,6,1,2,5,5,5,2,1,2,5,3,5,5,5,5,2,5,2,2,5,2,6,6,2,6,5,5,5,2,5,5,5,5,2,2,5,5,5,5,5,5,6,5,纯粹爱好/不了解：不涉及任何乐理或演奏学习，听歌只为娱乐放松,我每周里1~2天会听音乐,女,25-34岁,个体经营/私营企业/创业公司老板,安庆,合肥,0,0
Q4x6aOAPQrQ,oe4annDM,2025/4/4 19:58,2025/4/4 20:32,2034,1,rQrY32,音乐片段感受调研问卷_见数数据库4,223.104.33.84,116.103744,30.236262,安徽省,淮南市,MOBILE,Android,Chrome,360px*800px,"C2,test2,C3,M1,I2,M2,M4,C5,U2,test1,S4,U3,S5,C4,C1,I5,I3,M5,U1,U4,I1,S2,U5,M3,S3,S1,I4",2,6,1,4,1,3,2,5,1,2,1,4,1,4,1,6,1,6,1,4,1,3,1,4,1,3,1,2,1,3,1,2,1,7,没有出现人声,2,3,1,6,1,5,1,6,1,4,1,6,1,5,1,5,1,6,1,6,1,2,6,5,5,2,1,2,5,2,5,5,2,5,2,5,2,2,5,2,5,5,2,6,5,5,5,2,5,5,5,5,2,2,5,6,6,5,5,5,5,6,纯粹爱好/不了解：不涉及任何乐理或演奏学习，听歌只为娱乐放松,我每周里1~2天会听音乐,女,25-34岁,个体经营/私营企业/创业公司老板,安庆,合肥,0,1
oB9EJxNDxA4,kM1jwOk7,2025/4/4 19:58,2025/4/4 20:32,2024,1,rQrY32,音乐片段感受调研问卷_见数数据库4,223.104.33.122,116.134589,30.171938,安徽省,淮南市,MOBILE,iOS,Apple WebKit,390px*844px,"M1,C5,I3,I4,I2,S3,S4,U4,S2,U3,S1,M4,M5,M3,C2,C3,test2,C1,U5,U2,test1,M2,U1,S5,I5,I1,C4",2,5,1,2,1,3,1,4,1,4,1,5,1,4,1,5,1,5,1,3,1,5,1,3,1,3,2,3,1,2,1,2,1,5,没有出现人声,2,6,1,7,1,7,1,7,1,6,1,6,1,7,1,7,1,7,1,6,1,2,5,5,5,2,1,2,5,2,5,5,2,5,2,5,2,2,5,2,6,5,2,6,5,5,6,2,6,5,5,5,2,2,5,5,5,5,5,5,5,6,纯粹爱好/不了解：不涉及任何乐理或演奏学习，听歌只为娱乐放松,我每周里1~2天会听音乐,男,25-34岁,个体经营/私营企业/创业公司老板,安庆,合肥,0,-1
vNzEJxyNnmv,27aWD9Ne,2025/4/4 20:00,2025/4/4 20:30,1819,1,rQrY32,音乐片段感受调研问卷_见数数据库4,117.61.177.49,106.411213,38.972021,天津市,市辖区,MOBILE,Android,Chrome,376px*831px,"S4,test2,C5,S1,C4,U3,C1,I5,test1,M2,I2,I3,M4,S2,U5,C2,U1,C3,I1,S5,U2,M1,U4,M3,M5,S3,I4",1,4,1,4,1,5,1,3,1,3,1,3,1,3,1,4,1,3,1,4,1,5,1,5,1,2,1,3,25,6,1,3,1,4,没有出现人声,1,2,1,2,1,3,1,3,1,3,1,4,1,5,1,4,1,5,1,2,1,4,3,4,3,4,1,2,3,3,4,3,4,3,3,4,4,4,3,2,4,3,4,3,4,3,2,3,3,3,4,4,4,4,4,4,4,4,3,4,4,3,较为熟悉：自学/半专业，曾经系统练习或参加乐团/乐队，对乐理或技能有一定掌握,我每周里有3~5天会听音乐，每次时长不限,女,18-25岁,初高中学生/大学生/研究生/博士,河南周口,宁夏石嘴山,1,-1
gnBxpVNzY5g,J7q5v4p7,2025/4/4 20:07,2025/4/4 20:29,1305,1,rQrY32,音乐片段感受调研问卷_见数数据库4,14.115.199.67,113.294529,22.394658,广东省,中山市,MOBILE,Android,Chrome,360px*748px,"U1,I2,U5,M5,C2,U2,M3,C4,M1,I1,I4,test2,S5,I3,C3,M4,S3,S2,test1,C5,U4,S4,M2,S1,C1,U3,I5",1,6,1,2,1,6,1,7,1,6,1,6,1,4,1,5,1,5,1,2,1,6,1,4,1,4,1,6,1,5,1,6,2,1,没有出现人声,1,1,1,1,1,1,1,1,1,5,1,3,1,2,1,1,1,3,1,3,1,1,5,4,4,2,1,1,5,2,2,2,2,4,3,1,3,1,6,2,2,2,1,5,5,2,2,2,5,5,4,5,2,3,5,3,4,5,5,1,5,3,一般了解：仅了解少量乐理，主要是听歌，偶尔有一些简单演奏或相关知识,我几乎每天都听音乐，但每天不到 1 小时,男,18-25岁,普通职员(公司/企业/事业单位/党政机关),珠海,珠海,0,1
Q4x6a4ZN3Av,qM6mxbVe,2025/4/4 20:13,2025/4/4 20:29,922,1,rQrY32,音乐片段感受调研问卷_见数数据库4,42.97.240.111,126.0399254,42.682257,吉林省,长春市,MOBILE,iOS,Apple WebKit,390px*844px,"C1,S3,U1,C2,test2,S5,U5,C4,I3,S1,U3,I2,C5,C3,test1,I4,S2,M2,U2,M5,I5,U4,M3,S4,M1,I1,M4",2,6,2,5,2,5,2,6,1,5,2,6,2,5,2,5,1,6,2,6,2,6,2,6,2,6,1,5,2,7,1,7,1,5,没有出现人声,2,3,1,3,2,7,2,2,2,6,2,6,2,6,2,7,2,6,2,3,1,1,6,4,6,2,1,1,5,2,5,5,1,6,1,6,1,2,6,2,6,5,1,5,6,5,3,1,4,5,5,6,2,2,6,6,5,6,5,5,5,3,较为熟悉：自学/半专业，曾经系统练习或参加乐团/乐队，对乐理或技能有一定掌握,我几乎每天都听音乐，且每天超过 2 小时,女,25-34岁,普通职员(公司/企业/事业单位/党政机关),兰州市,长春市,-1,0
oB9EJB23YXN,DMx99a7y,2025/4/4 20:13,2025/4/4 20:29,912,1,rQrY32,音乐片段感受调研问卷_见数数据库4,36.104.183.241,125.2795155,43.7463644,吉林省,长春市,MOBILE,iOS,Apple WebKit,414px*736px,"C4,I2,S3,I5,I3,C5,S4,C2,M1,M2,S5,I1,S1,C1,U4,M3,U3,test1,I4,U5,C3,M4,U1,S2,test2,U2,M5",3,6,2,6,3,5,4,6,2,7,3,7,2,5,4,7,4,7,4,6,4,6,4,6,3,6,3,5,2,7,3,7,1,6,没有出现人声,2,3,3,3,3,3,4,6,3,5,2,6,2,7,3,6,4,6,3,6,1,1,5,6,6,1,1,2,6,2,5,5,1,5,1,6,2,2,6,1,5,5,2,5,6,5,2,2,5,6,5,5,1,1,6,6,5,5,5,4,5,2,较为熟悉：自学/半专业，曾经系统练习或参加乐团/乐队，对乐理或技能有一定掌握,我几乎每天都听音乐，且每天超过 2 小时,女,25-34岁,个体经营/私营企业/创业公司老板,苏州市,辽源市,0,-1
oB9EJ92koxN,8MZm91e3,2025/4/4 20:12,2025/4/4 20:27,884,1,rQrY32,音乐片段感受调研问卷_见数数据库4,118.76.187.227,112.817516,35.48387,山西省,晋城市,MOBILE,Android,Chrome,361px*801px,"S1,M1,I3,U4,S4,U1,C2,U5,I4,test2,C3,I1,S2,C4,M3,S3,S5,M4,U2,C5,I5,test1,I2,C1,M2,U3,M5",12,5,1,6,1,6,1,7,1,6,1,7,1,5,1,6,1,7,10,7,1,4,1,6,1,5,1,7,1,7,1,5,1,5,没有出现人声,1,5,11,2,1,2,1,6,1,5,1,2,1,3,1,4,1,4,1,6,1,2,5,6,5,1,1,2,6,3,5,6,1,4,2,4,2,1,6,2,6,5,1,5,6,5,5,1,5,5,5,6,2,1,5,5,5,4,6,5,6,5,一般了解：仅了解少量乐理，主要是听歌，偶尔有一些简单演奏或相关知识,我每周里有3~5天会听音乐，每次时长不限,女,25-34岁,工厂基层员工/制造业/建筑业工人,山西晋城,太原,-1,-1
vNzEpkNlk5N,4enPvG27,2025/4/4 19:59,2025/4/4 20:25,1591,1,rQrY32,音乐片段感受调研问卷_见数数据库4,223.104.163.98,120.189127,28.024488,浙江省,丽水市,MOBILE,Android,Chrome,360px*780px,"S3,I4,U2,I3,U3,M1,I2,S5,M4,C1,M3,test2,M2,U5,C4,U4,C5,S4,M5,I1,S2,test1,C2,S1,U1,C3,I5",1,2,1,3,1,2,1,2,1,3,1,3,1,2,1,1,1,1,1,1,1,1,16,2,1,2,1,2,1,2,1,2,1,7,没有出现人声,1,7,1,7,106,6,1,7,1,1,1,6,1,6,1,6,1,6,1,6,1,2,5,6,5,2,1,1,5,1,6,5,2,4,1,4,2,1,3,2,4,6,2,4,4,6,5,2,6,5,6,6,2,1,5,5,5,6,6,5,6,6,一般了解：仅了解少量乐理，主要是听歌，偶尔有一些简单演奏或相关知识,我几乎每天都听音乐，但每天不到 1 小时,男,25-34岁,普通职员(公司/企业/事业单位/党政机关),湖南省株洲市,浙江省丽水市,0,0
XObQ0a2w4g5,5LmwXXnM,2025/4/4 20:06,2025/4/4 20:25,1134,1,rQrY32,音乐片段感受调研问卷_见数数据库4,112.224.20.207,117.0556003,36.7027786,山东省,济南市,MOBILE,iOS,Apple WebKit,414px*736px,"I2,C4,U3,C1,C2,C5,M2,S3,U5,U4,S2,M3,I1,M1,S1,I5,I4,U1,S4,M4,test1,I3,U2,M5,C3,S5,test2",1,6,1,6,1,4,1,7,1,5,1,7,1,6,1,6,1,5,1,4,1,5,1,4,1,6,1,4,1,5,1,4,1,6,没有出现人声,1,6,1,7,1,5,1,7,1,6,1,6,1,6,1,6,1,4,1,5,1,1,5,4,5,3,1,2,6,2,6,4,5,5,2,4,4,1,5,4,5,6,2,4,5,2,5,2,6,5,5,4,2,2,5,6,4,5,5,5,5,6,一般了解：仅了解少量乐理，主要是听歌，偶尔有一些简单演奏或相关知识,我几乎每天都听音乐，但每天 1~2 小时左右,女,35-44岁,领导干部(公司/企业/事业单位/党政机关),盐城市,济南市,1,0
bNGjz4bXN6l,aMgWGJkM,2025/4/4 20:02,2025/4/4 20:25,1399,1,rQrY32,音乐片段感受调研问卷_见数数据库4,39.91.167.160,117.121101,36.642647,山东省,济南市,MOBILE,Android,Chrome,412px*915px,"C1,S1,S5,I3,C3,I4,S2,U3,U2,M1,U4,M5,C4,I1,M4,U1,C2,C5,I5,test2,I2,M3,S3,S4,M2,test1,U5",1,6,1,7,1,6,1,6,1,7,1,6,1,7,1,6,1,7,1,7,1,6,1,6,1,6,1,6,1,6,1,6,1,6,没有出现人声,1,7,1,7,1,7,1,6,1,6,1,6,1,6,1,7,1,7,1,7,1,2,6,6,5,2,1,2,5,2,5,5,2,6,2,4,4,1,5,2,6,6,2,5,5,5,5,1,6,5,6,5,2,2,5,6,6,5,6,5,5,5,较为熟悉：自学/半专业，曾经系统练习或参加乐团/乐队，对乐理或技能有一定掌握,我几乎每天都听音乐，且每天超过 2 小时,女,25-34岁,工厂技术人员/工厂主管,济南市,济南市,-1,0
mnmEky1KnWn,5M2aOKke,2025/4/4 20:05,2025/4/4 20:24,1172,1,rQrY32,音乐片段感受调研问卷_见数数据库4,112.37.141.51,115.92832,36.054494,山东省,聊城市,MOBILE,Android,Chrome,360px*800px,"S2,S3,I5,M1,U2,S5,U1,I1,M4,C1,C2,M5,C5,U3,I4,C3,I3,U5,M3,S1,I2,U4,M2,test2,C4,test1,S4",1,5,1,4,1,2,1,4,1,4,2,5,1,3,1,6,3,6,1,2,1,5,1,3,1,5,1,4,1,5,1,3,1,5,没有出现人声,2,4,2,5,1,2,1,6,1,4,1,6,1,5,1,6,1,5,1,4,1,2,4,5,5,2,1,2,4,2,3,6,4,4,1,2,2,3,3,1,4,5,2,3,5,3,5,3,4,5,5,5,2,2,5,4,5,3,4,5,5,4,纯粹爱好/不了解：不涉及任何乐理或演奏学习，听歌只为娱乐放松,我每周里有3~5天会听音乐，每次时长不限,男,35-44岁,领导干部(公司/企业/事业单位/党政机关),济南市,济南市,0,1
gnBx6244RgJ,xMoo2jnM,2025/4/4 19:58,2025/4/4 20:24,1539,1,rQrY32,音乐片段感受调研问卷_见数数据库4,180.126.44.88,120.17602,33.331512,江苏省,盐城市,MOBILE,Android,Chrome,412px*915px,"S4,U2,U4,I1,test2,C5,M4,I5,I3,I4,C3,S5,S2,S1,C4,test1,M2,U5,I2,U3,M5,S3,M3,C2,M1,C1,U1",1,4,1,4,1,5,1,4,1,4,1,6,1,5,2,4,2,5,2,3,1,4,2,4,2,4,1,5,1,4,1,3,1,5,没有出现人声,1,5,1,4,1,3,1,5,1,4,1,2,1,2,1,4,1,2,1,2,1,3,5,5,3,3,1,2,5,3,2,3,4,5,3,2,4,3,5,2,3,3,3,5,5,2,4,4,5,4,4,4,4,2,4,3,3,3,5,5,4,4,纯粹爱好/不了解：不涉及任何乐理或演奏学习，听歌只为娱乐放松,我几乎每天都听音乐，但每天不到 1 小时,女,25-34岁,领导干部(公司/企业/事业单位/党政机关),南京,南京,-1,0
mnmEkE0gPqK,z7Ao696e,2025/4/4 19:59,2025/4/4 20:23,1473,1,rQrY32,音乐片段感受调研问卷_见数数据库4,112.12.86.178,121.268043,29.540022,浙江省,金华市,MOBILE,Android,Chrome,360px*800px,"U2,U4,I5,S2,M3,I4,M1,M2,I3,C2,I1,S5,U5,U3,S3,C3,test2,test1,S4,C4,M5,S1,C5,C1,U1,M4,I2",1,2,1,3,1,2,1,2,1,3,2,2,1,3,1,2,1,1,1,1,36,1,39,2,1,2,1,2,1,2,1,3,1,7,没有出现人声,1,7,1,7,1,7,1,7,1,6,2,6,1,6,1,5,57,6,1,6,1,1,6,6,6,2,1,2,5,1,5,5,2,4,2,4,2,2,5,1,6,5,1,5,4,6,6,1,6,5,5,6,2,1,6,4,5,2,6,5,4,5,一般了解：仅了解少量乐理，主要是听歌，偶尔有一些简单演奏或相关知识,我每周里有3~5天会听音乐，每次时长不限,男,25-34岁,普通职员(公司/企业/事业单位/党政机关),湖北省十堰市,浙江省宁波市,1,0
XObQ0994Zkr,27a38kbe,2025/4/4 19:58,2025/4/4 20:23,1510,1,rQrY32,音乐片段感受调研问卷_见数数据库4,39.144.109.150,116.3223676,37.4531491,山东省,济南市,MOBILE,iOS,Apple WebKit,428px*926px,"U2,test1,C4,M2,S5,M5,C1,I2,C2,I3,U1,S4,C3,U4,M3,test2,C5,I5,M4,U5,S3,S1,I1,U3,M1,I4,S2",1,5,1,4,1,4,1,7,1,4,1,5,1,4,1,4,1,4,1,4,1,5,1,5,1,5,1,6,1,5,1,2,1,2,没有出现人声,1,1,1,1,1,1,1,1,1,2,1,2,1,3,1,2,1,2,1,3,1,1,5,6,6,2,1,1,2,2,4,4,4,2,2,5,2,1,4,1,5,4,1,4,6,4,3,1,2,5,4,5,1,2,5,5,6,2,3,5,6,2,一般了解：仅了解少量乐理，主要是听歌，偶尔有一些简单演奏或相关知识,我几乎每天都听音乐，但每天 1~2 小时左右,男,18-25岁,初高中学生/大学生/研究生/博士,山东青岛黄岛区泊里镇,山东德州德城区,0,-1
gnBx6Q5Bzxl,qM6ED4ve,2025/4/4 19:58,2025/4/4 20:23,1457,1,rQrY32,音乐片段感受调研问卷_见数数据库4,106.41.252.70,124.84025,45.104288,吉林省,松原市,MOBILE,Android,Chrome,360px*780px,"C4,S4,I1,C3,M3,M2,M5,U4,test2,U3,S3,U5,I3,I2,C2,C1,U2,M4,I4,S2,I5,test1,M1,S5,S1,U1,C5",1,6,1,6,1,6,1,5,1,6,1,5,1,6,1,5,1,5,1,6,1,5,1,7,1,6,1,6,2,5,1,6,1,2,没有出现人声,1,3,1,2,1,2,1,6,1,5,1,5,1,6,1,6,1,5,1,6,1,1,6,5,6,2,1,1,6,1,5,5,2,6,2,5,1,2,6,2,5,5,2,5,5,2,6,2,5,1,6,6,1,2,6,5,6,2,6,6,6,4,一般了解：仅了解少量乐理，主要是听歌，偶尔有一些简单演奏或相关知识,我每周里1~2天会听音乐,男,25-34岁,商业/服务业从业人员,吉林松原,吉林松原,0,-1
gnBx6QQb1JO,WLGq8pjM,2025/4/4 19:58,2025/4/4 20:23,1472,1,rQrY32,音乐片段感受调研问卷_见数数据库4,144.12.225.229,117.997293,37.40345,山东省,滨州市,MOBILE,Android,Chrome,320px*665px,"C2,S5,test1,U1,S1,M4,S3,U3,test2,I5,M3,U4,I3,I2,M1,C3,U2,I4,I1,C5,S4,M5,C4,C1,S2,M2,U5",1,2,1,4,1,3,1,6,1,6,1,5,1,4,1,6,2,6,1,4,1,5,1,2,1,2,1,3,1,2,1,3,1,7,没有出现人声,1,5,1,5,1,4,1,6,1,3,1,4,1,3,1,4,1,5,1,5,1,2,6,5,5,1,1,1,4,1,5,5,2,4,1,5,2,2,5,2,5,6,1,6,5,5,6,1,6,4,5,6,2,1,5,5,6,5,6,5,5,6,一般了解：仅了解少量乐理，主要是听歌，偶尔有一些简单演奏或相关知识,我每周里有3~5天会听音乐，每次时长不限,女,35-44岁,个体经营/私营企业/创业公司老板,山东,上海,0,1
lxzBw2dqv4W,JekXnWYM,2025/4/4 19:58,2025/4/4 20:23,1471,1,rQrY32,音乐片段感受调研问卷_见数数据库4,39.144.109.6,118.031873,37.375146,山东省,济南市,MOBILE,Android,Chrome,360px*796px,"C4,U5,S2,M3,I3,C2,M5,M1,M4,I1,U3,U2,I5,U4,S1,test1,I2,C3,C1,test2,S4,C5,S3,M2,U1,S5,I4",1,1,1,4,1,5,1,5,1,7,1,3,1,6,1,7,1,7,1,6,1,5,1,3,1,3,1,3,1,5,1,3,1,6,没有出现人声,1,5,1,6,1,4,1,7,1,5,1,5,1,5,1,4,1,6,1,5,1,1,5,5,5,2,1,1,5,2,4,6,1,5,3,3,2,2,6,1,5,5,1,5,5,4,5,1,5,4,5,6,1,1,5,4,6,5,5,5,5,5,纯粹爱好/不了解：不涉及任何乐理或演奏学习，听歌只为娱乐放松,我几乎每天都听音乐，但每天不到 1 小时,女,35-44岁,领导干部(公司/企业/事业单位/党政机关),湖南,上海,0,0
gnBx66VYVY5,J7qPbE5M,2025/4/4 19:59,2025/4/4 20:22,1368,1,rQrY32,音乐片段感受调研问卷_见数数据库4,223.104.19.53,113.654808,34.810811,河南省,郑州市,MOBILE,Android,Chrome,393px*873px,"test2,U4,C4,C1,I3,M5,S5,test1,S1,M2,I4,C5,U5,U3,M4,I2,M1,C3,M3,U1,I1,S3,S4,U2,S2,I5,C2",1,5,1,6,1,4,1,5,1,4,1,5,1,7,1,6,1,6,1,4,1,5,1,3,1,6,1,7,1,6,1,5,2,4,没有出现人声,1,2,1,2,1,3,1,4,1,3,1,5,1,5,1,6,1,6,1,5,1,2,5,5,5,6,1,4,6,2,5,3,4,6,2,5,6,4,5,3,6,5,4,4,5,6,5,2,5,4,6,6,4,2,5,5,5,6,6,5,5,6,一般了解：仅了解少量乐理，主要是听歌，偶尔有一些简单演奏或相关知识,我几乎每天都听音乐，但每天 1~2 小时左右,男,18-25岁,初高中学生/大学生/研究生/博士,贵州省贵阳市云岩区,河南省郑州市金水区,0,0
nN6EQY3BdyW,WMRWNk67,2025/4/4 19:58,2025/4/4 20:21,1401,1,rQrY32,音乐片段感受调研问卷_见数数据库4,110.181.212.103,113.2617665,40.0531227,山西省,大同市,MOBILE,iOS,Apple WebKit,428px*926px,"U3,C3,M1,U1,M4,M5,I4,S1,S5,test1,S2,C5,U5,U2,M2,S3,I1,I5,I3,S4,C1,C2,test2,C4,M3,I2,U4",1,3,1,2,1,2,1,5,1,3,1,4,1,4,1,5,1,4,1,3,1,5,1,4,1,3,1,3,1,3,1,2,1,7,没有出现人声,1,3,1,5,1,2,1,6,1,6,1,5,1,5,1,4,1,4,1,6,1,1,5,5,4,2,1,2,5,3,4,4,2,5,2,4,3,2,5,2,4,3,2,5,5,3,2,2,4,3,5,6,2,2,6,5,4,3,5,4,4,3,一般了解：仅了解少量乐理，主要是听歌，偶尔有一些简单演奏或相关知识,我每周里有3~5天会听音乐，每次时长不限,男,35-44岁,工厂基层员工/制造业/建筑业工人,山西省大同市平城区,山西省大同市,1,0
vNzEpP8p3wW,p7Y3ooze,2025/4/4 19:59,2025/4/4 20:21,1332,1,rQrY32,音乐片段感受调研问卷_见数数据库4,1.180.123.187,118.6576715,43.5180865,内蒙古自治区,赤峰市,MOBILE,iOS,Apple WebKit,375px*667px,"C1,test1,S4,C5,I1,U3,S3,U1,M2,M4,I2,U5,test2,U4,M1,M5,M3,I5,C2,C4,I4,U2,C3,S2,S1,S5,I3",1,7,1,4,1,4,1,3,1,5,1,6,1,3,1,6,1,5,1,5,1,5,1,7,1,5,1,5,1,4,1,3,1,4,没有出现人声,1,1,1,2,1,2,1,2,1,2,1,4,1,5,1,7,1,6,1,3,1,2,4,4,4,5,1,1,5,3,4,5,4,2,3,4,2,4,3,3,5,4,4,4,3,5,3,4,4,5,3,4,3,3,3,6,5,3,4,5,5,3,一般了解：仅了解少量乐理，主要是听歌，偶尔有一些简单演奏或相关知识,我每周里有3~5天会听音乐，每次时长不限,女,55-64岁,领导干部(公司/企业/事业单位/党政机关),内蒙古赤峰市,内蒙古赤峰市,1,-1
mnmEkPPWzvp,ve8Zp8g7,2025/4/4 19:59,2025/4/4 20:21,1303,1,rQrY32,音乐片段感受调研问卷_见数数据库4,182.33.46.173,118.523898,37.841074,山东省,东营市,MOBILE,Android,Chrome,393px*873px,"I2,M4,S5,U3,C2,C1,M5,M3,U5,I3,M1,C3,I5,test2,S3,S1,C4,S2,C5,U4,test1,M2,I4,I1,S4,U1,U2",1,6,1,6,1,6,1,6,1,6,1,6,1,7,1,7,1,6,1,7,1,6,1,6,1,7,1,6,1,7,1,6,1,6,没有出现人声,1,6,1,7,1,6,1,6,1,7,1,6,1,6,1,6,1,6,1,6,1,1,6,6,6,2,1,1,6,2,5,5,2,4,1,4,4,1,5,2,5,5,2,5,6,2,5,2,5,5,6,5,2,2,5,5,5,6,5,5,6,5,较为熟悉：自学/半专业，曾经系统练习或参加乐团/乐队，对乐理或技能有一定掌握,我几乎每天都听音乐，且每天超过 2 小时,女,25-34岁,领导干部(公司/企业/事业单位/党政机关),北京市,北京市,1,0
bNGjzyZN63d,xMoDkr47,2025/4/4 19:58,2025/4/4 20:21,1354,1,rQrY32,音乐片段感受调研问卷_见数数据库4,221.237.81.24,104.037226,30.313643,四川省,成都市,MOBILE,Android,Chrome,377px*832px,"U2,test2,M2,C2,U3,S5,test1,I2,S2,I1,M3,C3,S3,M4,U1,C1,U4,C5,U5,C4,S1,M5,I4,I5,M1,S4,I3",1,4,2,4,1,2,1,4,1,3,1,4,1,4,1,4,1,4,1,4,1,4,2,4,1,3,1,3,1,3,1,4,1,5,没有出现人声,1,6,1,5,1,4,1,7,1,6,1,6,1,5,1,5,1,5,1,6,1,2,5,5,4,2,1,2,4,4,5,5,4,3,3,6,2,4,4,5,5,6,4,5,5,5,5,3,5,4,6,5,4,4,5,6,5,5,4,3,6,5,纯粹爱好/不了解：不涉及任何乐理或演奏学习，听歌只为娱乐放松,我几乎每天都听音乐，但每天不到 1 小时,女,35-44岁,普通职员(公司/企业/事业单位/党政机关),成都,成都,0,1
gnBx68OR2OJ,27aJndVL,2025/4/4 19:58,2025/4/4 20:21,1348,1,rQrY32,音乐片段感受调研问卷_见数数据库4,120.225.52.6,116.2370092,36.3268014,山东省,聊城市,MOBILE,iOS,Apple WebKit,428px*926px,"S5,U4,M4,C2,M1,M3,S1,U3,M5,M2,U1,U2,S3,I4,I3,test1,test2,I2,I1,S2,C4,S4,C3,C1,C5,I5,U5",1,4,1,5,1,5,1,5,1,4,1,5,1,6,1,4,1,4,1,4,1,4,1,5,1,4,1,3,1,3,1,6,1,6,没有出现人声,1,5,1,5,1,6,1,4,1,6,1,6,1,6,1,7,1,6,1,6,1,2,5,6,4,3,1,2,5,4,4,3,2,5,4,4,4,3,5,2,5,4,2,5,5,4,4,2,5,4,5,5,3,1,5,5,3,2,5,5,5,5,一般了解：仅了解少量乐理，主要是听歌，偶尔有一些简单演奏或相关知识,我几乎每天都听音乐，但每天不到 1 小时,女,35-44岁,领导干部(公司/企业/事业单位/党政机关),广州,上海,0,0
bNGjzy5JvRR,kM1jGnQ7,2025/4/4 19:59,2025/4/4 20:21,1294,1,rQrY32,音乐片段感受调研问卷_见数数据库4,1.61.52.171,126.592958,47.063063,黑龙江省,绥化市,MOBILE,Android,Chrome,360px*792px,"I2,M5,S5,C3,U2,C4,S3,S4,S1,U1,U5,C2,test2,U3,I1,I3,test1,M2,C5,M3,I5,I4,S2,U4,C1,M1,M4",1,6,1,6,1,5,1,6,1,5,1,6,1,6,1,6,1,7,1,6,1,6,1,5,1,7,1,5,1,6,1,4,1,5,没有出现人声,1,3,1,4,1,5,1,4,1,6,1,7,1,6,1,7,1,7,1,3,1,3,6,6,5,4,1,2,5,1,5,5,4,6,2,6,4,4,6,2,5,5,4,5,5,5,5,3,5,6,5,5,3,2,6,5,4,4,5,5,6,5,较为熟悉：自学/半专业，曾经系统练习或参加乐团/乐队，对乐理或技能有一定掌握,我几乎每天都听音乐，但每天 1~2 小时左右,女,35-44岁,商业/服务业从业人员,上海,上海,-1,1
mnmEkDmk3ad,J7q8nv2M,2025/4/4 19:58,2025/4/4 20:21,1347,1,rQrY32,音乐片段感受调研问卷_见数数据库4,223.160.153.138,119.827697,33.99809,江苏省,苏州市,MOBILE,Android,Chrome,320px*640px,"U1,U5,test2,test1,S5,S2,S3,C1,S1,C5,C4,I2,C2,U3,I4,M5,S4,I1,M3,I5,U2,U4,M2,M1,M4,C3,I3",1,4,1,4,1,4,1,4,1,5,1,5,1,5,1,6,1,5,1,5,1,4,1,4,1,4,1,4,1,6,1,4,2,6,没有出现人声,1,6,1,5,1,6,1,5,1,5,1,5,1,6,1,5,1,5,1,6,1,1,5,5,5,2,1,1,4,3,4,4,2,4,3,4,3,2,4,3,4,4,2,5,5,4,4,2,5,4,5,5,1,2,6,5,5,4,4,4,5,4,纯粹爱好/不了解：不涉及任何乐理或演奏学习，听歌只为娱乐放松,我每周里有3~5天会听音乐，每次时长不限,男,35-44岁,领导干部(公司/企业/事业单位/党政机关),南京,南京,1,-1
mnmEk2YXwAx,2MdJB4AL,2025/4/4 19:58,2025/4/4 20:20,1317,1,rQrY32,音乐片段感受调研问卷_见数数据库4,1.203.65.41,116.5233964,39.9202741,北京市,市辖区,MOBILE,iOS,WeChat,430px*932px,"S2,S4,C4,S5,S3,M3,S1,I1,test2,I4,C1,I5,M2,C5,I3,U3,I2,C3,M1,U4,test1,C2,U5,M4,U2,M5,U1",1,5,1,4,1,4,1,5,1,4,1,6,1,5,1,5,1,5,1,5,1,6,1,5,1,5,1,4,1,4,1,3,1,5,没有出现人声,1,3,1,4,1,3,1,4,1,4,1,6,1,5,1,5,1,6,1,6,1,3,5,3,5,4,1,1,6,2,5,3,2,5,4,4,4,3,6,4,4,2,2,5,3,4,3,3,5,3,5,3,3,3,3,4,3,4,6,4,4,3,一般了解：仅了解少量乐理，主要是听歌，偶尔有一些简单演奏或相关知识,我几乎每天都听音乐，且每天超过 2 小时,女,25-34岁,普通职员(公司/企业/事业单位/党政机关),北京,北京,0,1
Q4x6Nxk1kAd,J7qoXw5e,2025/4/4 20:06,2025/4/4 20:20,829,1,rQrY32,音乐片段感受调研问卷_见数数据库4,110.241.24.187,114.456065,38.079838,河北省,石家庄市,MOBILE,Android,Chrome,360px*804px,"U4,test1,C3,S1,M4,C1,S3,I3,S4,I2,M2,C5,C2,U1,M3,I5,S5,I4,test2,M5,C4,I1,U5,M1,S2,U3,U2",1,4,1,3,1,4,1,3,2,2,1,5,1,4,1,4,1,4,1,4,1,2,1,2,2,3,1,2,1,2,1,4,1,1,没有出现人声,1,1,19,3,1,1,29,1,1,3,1,3,1,4,1,3,1,3,1,3,1,3,5,5,4,3,1,1,5,2,4,5,2,5,3,4,4,2,6,2,4,4,2,5,4,4,4,2,5,4,4,4,2,2,5,4,4,4,5,5,4,4,纯粹爱好/不了解：不涉及任何乐理或演奏学习，听歌只为娱乐放松,我几乎每天都听音乐，且每天超过 2 小时,女,25-34岁,普通职员(公司/企业/事业单位/党政机关),天津,天津,0,-1
WPokDoZgbvX,xMoNnJ6e,2025/4/4 20:00,2025/4/4 20:20,1175,1,rQrY32,音乐片段感受调研问卷_见数数据库4,112.97.210.195,113.9334909,22.9204203,广东省,东莞市,MOBILE,iOS,Apple WebKit,375px*812px,"M5,U3,C1,M2,C4,C3,M4,test1,M3,U5,I4,S5,M1,I3,U1,I1,S2,U4,S4,C5,S3,S1,test2,U2,C2,I5,I2",1,4,1,5,1,3,1,6,3,2,1,5,1,6,1,6,1,6,1,6,1,6,1,6,1,3,1,5,1,3,1,3,2,7,没有出现人声,1,6,1,7,1,7,1,7,1,6,1,7,1,7,1,5,1,7,1,6,1,1,5,5,6,2,1,2,4,2,5,5,5,4,1,5,2,1,6,1,5,5,1,6,5,6,5,2,6,4,6,5,1,1,5,5,5,6,5,5,6,4,较为熟悉：自学/半专业，曾经系统练习或参加乐团/乐队，对乐理或技能有一定掌握,我几乎每天都听音乐，但每天 1~2 小时左右,女,25-34岁,领导干部(公司/企业/事业单位/党政机关),佛山,广州,0,0
WPokDWY6WQP,z7Am4bA7,2025/4/4 19:59,2025/4/4 20:19,1230,1,rQrY32,音乐片段感受调研问卷_见数数据库4,120.230.190.115,113.033299,22.452616,广东省,江门市,MOBILE,Android,Chrome,424px*880px,"M5,U5,M1,I2,S2,S5,U4,test2,I5,C5,I3,M3,C3,C4,I1,S1,M4,S4,test1,U1,S3,C1,U2,M2,C2,I4,U3",1,6,1,6,1,7,1,6,1,4,1,7,1,5,1,7,1,7,1,6,1,6,1,4,1,6,1,6,1,6,1,5,1,3,没有出现人声,1,3,1,2,1,3,1,3,1,5,1,5,1,4,1,4,1,4,1,5,1,2,5,6,3,5,1,2,6,2,3,3,4,5,2,2,6,2,5,2,3,3,4,5,5,3,5,2,5,5,5,4,4,2,5,5,3,5,5,5,3,5,较为熟悉：自学/半专业，曾经系统练习或参加乐团/乐队，对乐理或技能有一定掌握,我几乎每天都听音乐，但每天 1~2 小时左右,男,35-44岁,工厂技术人员/工厂主管,江门市,江门市,0,1
bNGjavZzYxy,ve8JZ6g7,2025/4/4 20:00,2025/4/4 20:19,1127,1,rQrY32,音乐片段感受调研问卷_见数数据库4,36.134.67.251,129.774648,43.302954,吉林省,长春市,MOBILE,Android,Chrome,393px*851px,"U5,S1,C1,S2,I4,U3,test1,M5,M3,I2,C2,U4,U2,S4,test2,I3,C3,M2,M1,C5,I1,M4,U1,S5,S3,C4,I5",1,6,1,7,1,6,1,6,1,5,1,6,1,6,1,6,1,6,1,6,1,5,1,6,2,6,1,5,1,7,1,7,2,6,没有出现人声,1,2,1,3,1,2,1,3,1,6,1,6,1,6,1,5,1,5,1,5,1,2,6,5,6,2,1,2,5,2,6,6,2,5,1,5,1,2,5,1,6,5,1,6,6,6,2,1,6,5,6,6,2,2,5,6,5,5,5,5,5,3,较为熟悉：自学/半专业，曾经系统练习或参加乐团/乐队，对乐理或技能有一定掌握,我几乎每天都听音乐，但每天 1~2 小时左右,女,25-34岁,普通职员(公司/企业/事业单位/党政机关),松原市,白城市,0,0
bNGjav2bZQ6,QL00jANL,2025/4/4 19:57,2025/4/4 20:19,1295,1,rQrY32,音乐片段感受调研问卷_见数数据库4,112.96.225.236,114.1797989,22.8434442,广东省,广州市,MOBILE,iOS,Apple WebKit,414px*896px,"C5,M1,M5,test2,test1,M3,U5,M2,I5,S4,I3,U1,I4,C3,U3,S3,I1,M4,C4,U4,S1,C2,I2,U2,S2,C1,S5",1,6,1,5,1,3,1,2,1,5,1,7,1,3,1,5,1,5,2,3,1,5,1,3,1,1,1,3,1,6,1,1,1,5,没有出现人声,1,2,1,3,1,2,1,2,1,5,1,2,1,3,1,2,1,5,1,2,1,2,6,5,4,2,1,2,5,2,2,4,4,4,2,2,2,4,6,2,2,2,2,5,4,2,5,5,5,5,4,5,2,5,5,4,4,2,5,5,5,6,一般了解：仅了解少量乐理，主要是听歌，偶尔有一些简单演奏或相关知识,我几乎每天都听音乐，但每天不到 1 小时,男,35-44岁,普通职员(公司/企业/事业单位/党政机关),河南省正阳县,广东省东莞市,0,-1
vNzEq5nodqV,qM6n4BMx,2025/4/4 19:59,2025/4/4 20:19,1208,1,rQrY32,音乐片段感受调研问卷_见数数据库4,223.97.135.23,120.328711,37.657658,山东省,烟台市,MOBILE,Android,Chrome,393px*873px,"C5,U2,S3,M2,C3,M1,M3,C2,I1,M5,test2,U1,U3,I4,I5,U4,test1,I3,U5,C4,S2,M4,C1,I2,S5,S1,S4",1,5,1,5,1,6,1,6,1,5,1,7,1,7,1,7,1,7,1,6,1,5,1,5,1,5,1,6,1,6,1,6,1,6,没有出现人声,1,6,1,6,1,6,1,5,1,5,1,5,1,5,1,5,1,5,1,6,1,1,6,6,5,2,1,1,6,2,4,5,2,5,1,4,2,2,6,2,6,5,2,6,5,4,5,1,6,5,5,5,2,2,5,5,5,6,5,5,6,5,较为熟悉：自学/半专业，曾经系统练习或参加乐团/乐队，对乐理或技能有一定掌握,我几乎每天都听音乐，但每天 1~2 小时左右,女,45-54岁,普通职员(公司/企业/事业单位/党政机关),烟台市,烟台的,0,0
gnBxVNXNvmy,xebEBaRL,2025/4/4 19:58,2025/4/4 20:19,1280,1,rQrY32,音乐片段感受调研问卷_见数数据库4,211.138.72.187,101.798442,36.611676,青海省,西宁市,MOBILE,iOS,Apple WebKit,414px*736px,"S3,I3,C5,S4,I1,U5,S5,U3,S2,C3,C1,test2,U2,M4,M1,C4,U1,M5,test1,U4,I4,I2,C2,S1,M3,I5,M2",1,5,1,3,1,4,1,4,1,4,1,4,1,3,1,3,1,3,1,3,1,4,1,5,1,6,1,3,1,5,1,5,1,2,没有出现人声,1,1,1,2,1,2,1,1,1,1,1,1,1,2,1,1,1,1,1,1,1,4,5,3,3,4,1,5,4,3,3,1,3,4,4,3,6,6,5,3,2,2,5,3,3,3,4,5,2,4,5,4,5,4,1,6,2,2,4,4,3,4,一般了解：仅了解少量乐理，主要是听歌，偶尔有一些简单演奏或相关知识,我每周里1~2天会听音乐,男,25-34岁,自由职业(作家/自媒体/主播/代练玩家等),河南洛阳,青海西宁,0,-1
NRnx8wa942r,27aKV0pe,2025/4/4 19:58,2025/4/4 20:19,1221,1,rQrY32,音乐片段感受调研问卷_见数数据库4,223.104.228.37,117.683554,39.054054,天津市,市辖区,MOBILE,Android,Chrome,360px*780px,"M5,I3,S4,C3,test2,I2,M2,U3,U1,U4,S5,C5,U5,I4,U2,M4,S3,S2,C2,M1,C1,C4,I1,test1,S1,I5,M3",1,5,1,5,1,5,1,5,1,5,1,4,1,5,1,3,1,4,1,4,1,4,1,5,1,6,1,5,1,5,1,5,1,3,没有出现人声,1,2,1,3,1,2,1,3,1,3,1,3,1,2,1,4,1,3,1,3,1,1,4,5,4,4,1,2,5,3,4,4,3,3,2,5,4,3,4,2,5,4,3,4,4,4,2,2,3,3,5,5,2,3,5,4,4,4,4,3,5,2,较为熟悉：自学/半专业，曾经系统练习或参加乐团/乐队，对乐理或技能有一定掌握,我每周里有3~5天会听音乐，每次时长不限,女,18-25岁,初高中学生/大学生/研究生/博士,天津市,天津市,-1,1
Q4x60yPz18G,5LmVggxe,2025/4/4 19:58,2025/4/4 20:19,1244,1,rQrY32,音乐片段感受调研问卷_见数数据库4,60.27.204.195,117.802797,39.333333,天津市,市辖区,MOBILE,Android,Chrome,360px*800px,"M3,test2,I1,U1,C3,U2,test1,M5,C5,M4,S2,S1,C2,S3,U4,M2,C1,I4,S5,I2,I3,S4,I5,U5,M1,C4,U3",1,6,1,2,1,5,1,5,1,5,1,5,1,4,1,7,1,7,1,7,1,5,1,5,1,3,1,5,1,5,1,3,1,6,没有出现人声,1,3,1,4,1,3,1,3,1,5,1,3,1,4,1,4,1,6,1,4,1,4,6,5,5,5,1,5,5,2,2,5,4,6,2,2,5,3,5,2,5,4,4,5,5,2,5,5,5,5,5,5,5,2,5,5,3,3,5,5,5,5,一般了解：仅了解少量乐理，主要是听歌，偶尔有一些简单演奏或相关知识,我几乎每天都听音乐，但每天不到 1 小时,男,35-44岁,普通职员(公司/企业/事业单位/党政机关),天津宁河,天津宁河,0,-1
bNGjaX05qKJ,QL0dKvyL,2025/4/4 19:58,2025/4/4 20:19,1218,1,rQrY32,音乐片段感受调研问卷_见数数据库4,119.131.182.249,113.379849,22.987385,广东省,广州市,MOBILE,Android,Chrome,360px*800px,"C3,I4,M1,M4,U5,U4,U2,S2,S5,test1,M2,S3,M3,U1,I1,S4,I3,U3,C1,I5,I2,S1,test2,C2,C5,M5,C4",1,5,1,2,1,6,1,6,1,1,1,6,1,5,1,4,1,5,1,4,1,5,1,1,1,5,1,5,1,6,1,4,1,6,没有出现人声,1,2,1,4,1,4,1,5,1,4,1,2,1,3,1,5,1,4,1,3,1,3,6,5,5,2,1,1,4,3,5,4,4,6,3,5,5,3,4,2,5,5,3,5,6,4,5,4,6,4,5,4,5,3,6,5,4,4,5,6,5,5,一般了解：仅了解少量乐理，主要是听歌，偶尔有一些简单演奏或相关知识,我几乎每天都听音乐，但每天 1~2 小时左右,女,35-44岁,普通职员(公司/企业/事业单位/党政机关),汕尾,广州,-1,-1
Q4x60kz12xW,veEPjy1L,2025/4/4 19:58,2025/4/4 20:18,1222,1,rQrY32,音乐片段感受调研问卷_见数数据库4,1.191.48.99,126.277809,46.251948,黑龙江省,绥化市,MOBILE,Android,Chrome,360px*720px,"C3,M1,C2,S1,I5,C5,test2,U3,S5,M2,M5,test1,S4,I2,C1,C4,S2,U5,U2,S3,U1,M4,U4,M3,I3,I4,I1",1,5,1,3,1,2,1,3,1,3,1,5,1,6,1,5,1,5,1,2,1,2,1,2,1,3,1,1,1,2,1,1,1,7,没有出现人声,1,6,1,7,1,6,1,3,1,5,1,7,1,6,1,7,1,6,1,5,1,1,5,4,5,2,1,1,6,2,5,5,1,6,2,4,2,1,6,1,6,5,2,6,4,5,6,1,5,5,5,5,2,3,4,5,5,5,6,5,5,6,一般了解：仅了解少量乐理，主要是听歌，偶尔有一些简单演奏或相关知识,我几乎每天都听音乐，但每天 1~2 小时左右,男,35-44岁,领导干部(公司/企业/事业单位/党政机关),哈尔滨,哈尔滨,0,1
Q4x60kVa8Gv,WLGno3p7,2025/4/4 19:59,2025/4/4 20:18,1141,1,rQrY32,音乐片段感受调研问卷_见数数据库4,223.104.76.108,113.428957,22.357533,广东省,中山市,MOBILE,Android,Chrome,360px*800px,"U1,I5,I4,test1,M3,C1,U4,U3,M4,U2,M5,C5,C2,S2,C3,S1,M1,C4,U5,S4,M2,test2,S3,I2,S5,I1,I3",1,2,1,3,1,2,1,3,1,4,1,5,1,7,1,3,1,2,1,5,1,5,1,3,1,3,1,3,1,4,1,2,2,6,没有出现人声,1,5,1,5,1,3,1,5,1,6,1,6,1,5,1,5,1,7,1,6,1,2,5,5,5,3,1,1,6,2,5,5,2,6,1,5,2,2,5,2,6,5,1,5,5,5,5,2,6,5,6,6,1,2,6,6,5,5,6,6,6,5,一般了解：仅了解少量乐理，主要是听歌，偶尔有一些简单演奏或相关知识,我每周里有3~5天会听音乐，每次时长不限,男,18-25岁,普通职员(公司/企业/事业单位/党政机关),中山,上海,1,1
mnmE1pxvwAx,o7jzywd7,2025/4/4 19:58,2025/4/4 20:18,1202,1,rQrY32,音乐片段感受调研问卷_见数数据库4,113.75.110.5,114.821613,24.238307,广东省,河源市,MOBILE,Android,Chrome,384px*792px,"C3,S2,M2,C4,U1,U3,I4,U5,S5,C1,I2,C5,M4,C2,test1,I3,I5,M3,M5,S1,test2,U4,S4,I1,S3,U2,M1",1,6,1,5,1,5,1,7,1,5,1,7,1,5,1,6,1,6,1,7,1,6,1,6,1,4,1,5,1,6,1,4,1,6,没有出现人声,1,5,1,6,1,5,1,7,1,7,1,6,1,6,1,6,1,6,1,5,1,4,5,4,4,5,1,4,6,3,4,4,5,5,3,4,6,4,5,5,4,3,5,5,4,4,3,5,5,5,4,2,6,2,3,5,2,3,4,3,4,3,一般了解：仅了解少量乐理，主要是听歌，偶尔有一些简单演奏或相关知识,我几乎每天都听音乐，但每天 1~2 小时左右,男,55-64岁,个体经营/私营企业/创业公司老板,广东河源,广东河源,0,0
nN6EYAJWPp2,BMDNxwqL,2025/4/4 19:59,2025/4/4 20:18,1115,1,rQrY32,音乐片段感受调研问卷_见数数据库4,171.220.110.167,106.06705,30.812797,四川省,南充市,MOBILE,Android,Chrome,370px*816px,"I5,M4,M2,C3,S1,U5,U2,U4,C1,C5,S5,S2,U3,M3,I4,S3,S4,I3,U1,test1,I1,test2,C4,I2,M5,C2,M1",1,6,1,7,1,5,1,6,1,6,1,7,1,7,1,6,1,6,1,6,1,6,1,7,1,7,1,6,1,6,1,7,1,5,没有出现人声,1,5,1,3,1,3,1,5,1,5,1,6,1,5,1,6,1,6,1,5,1,2,6,5,5,2,1,1,6,2,5,5,4,3,2,5,1,2,5,2,6,5,2,6,5,5,5,2,5,6,6,5,1,1,6,6,6,5,6,6,5,5,较为熟悉：自学/半专业，曾经系统练习或参加乐团/乐队，对乐理或技能有一定掌握,我几乎每天都听音乐，但每天 1~2 小时左右,男,25-34岁,普通职员(公司/企业/事业单位/党政机关),南充市,南充市,0,1
oB9EXNdmQW0,27a4RVVM,2025/4/4 19:58,2025/4/4 20:18,1182,1,rQrY32,音乐片段感受调研问卷_见数数据库4,112.113.50.247,103.784264,25.486486,云南省,曲靖市,MOBILE,Android,Chrome,367px*814px,"S4,S5,U5,U4,S1,I2,M5,S3,I4,test2,C5,I1,M2,S2,M4,I3,C2,C1,C4,I5,U1,M1,C3,M3,U3,U2,test1",1,4,1,3,1,2,1,5,1,4,1,4,1,3,1,4,1,4,1,4,1,3,1,2,1,2,1,4,1,4,1,5,2,3,没有出现人声,1,2,1,2,1,3,1,2,1,5,1,3,1,4,1,3,1,3,1,3,1,3,5,4,5,4,1,5,6,4,4,4,5,6,4,3,5,4,6,2,4,3,5,5,4,2,3,5,6,3,4,5,5,2,4,4,3,2,6,3,5,4,一般了解：仅了解少量乐理，主要是听歌，偶尔有一些简单演奏或相关知识,我几乎每天都听音乐，但每天 1~2 小时左右,男,25-34岁,普通职员(公司/企业/事业单位/党政机关),昆明,昆明,0,-1
vNzEqVAw8bn,0eymz2Ee,2025/4/4 19:58,2025/4/4 20:18,1205,1,rQrY32,音乐片段感受调研问卷_见数数据库4,223.104.195.195,117.755475,35.814797,山东省,泰安市,MOBILE,Android,Chrome,360px*780px,"C4,I4,U2,U4,M1,test1,C2,U3,M4,U1,I5,M5,U5,I2,M3,M2,S5,test2,I1,C1,I3,S2,C5,S4,S1,S3,C3",1,7,1,7,1,6,1,7,1,6,1,6,1,6,1,7,1,7,2,6,1,6,1,7,1,6,1,7,1,7,1,7,1,4,没有出现人声,1,1,1,2,1,3,1,2,1,5,1,5,1,6,1,5,1,4,1,3,1,2,6,6,6,4,1,2,5,1,4,4,4,5,1,3,5,2,5,2,5,4,2,6,6,3,4,2,6,6,6,6,2,1,6,5,5,3,6,6,5,5,一般了解：仅了解少量乐理，主要是听歌，偶尔有一些简单演奏或相关知识,我几乎每天都听音乐，但每天 1~2 小时左右,男,35-44岁,领导干部(公司/企业/事业单位/党政机关),山东省青岛市,青岛市,0,-1
bNGja0EE19N,JekVlxjL,2025/4/4 19:59,2025/4/4 20:18,1155,1,rQrY32,音乐片段感受调研问卷_见数数据库4,119.143.199.77,112.846612,22.524823,广东省,佛山市,MOBILE,Android,Chrome,360px*800px,"M2,C3,I4,M5,I5,test1,I2,S2,M3,U1,I1,U2,S1,S4,C5,M4,I3,S5,U5,U4,S3,M1,C2,C1,C4,test2,U3",1,5,1,5,1,6,1,6,1,6,1,7,1,7,1,6,1,5,1,7,1,6,1,5,1,6,1,5,1,5,1,4,1,7,没有出现人声,1,6,1,6,1,7,1,6,1,7,1,7,1,7,1,7,1,6,1,6,1,2,6,6,5,1,1,2,5,2,6,5,1,5,4,5,1,2,6,2,6,6,1,5,5,5,5,1,5,3,5,5,2,3,6,5,6,5,5,2,6,5,较为熟悉：自学/半专业，曾经系统练习或参加乐团/乐队，对乐理或技能有一定掌握,我几乎每天都听音乐，但每天 1~2 小时左右,男,25-34岁,普通职员(公司/企业/事业单位/党政机关),江门新会区,江门新会区,1,0
WPokRjkYm4G,VMJ1pyOe,2025/4/4 19:57,2025/4/4 20:18,1231,1,rQrY32,音乐片段感受调研问卷_见数数据库4,223.246.184.175,116.227096,32.900901,安徽省,合肥市,MOBILE,Android,Chrome,412px*915px,"S3,S5,I3,I2,M4,U2,C3,C5,I1,M3,S2,M5,C2,test1,M2,U1,U3,test2,U5,M1,I5,I4,U4,C1,S1,C4,S4",1,7,1,5,1,4,1,4,1,4,1,7,1,5,1,5,1,6,1,6,1,6,1,7,1,3,1,3,1,4,1,2,1,5,没有出现人声,1,3,1,4,1,5,1,6,1,6,1,5,1,5,1,6,1,5,1,6,1,2,6,5,6,1,1,1,6,2,2,5,2,4,1,2,2,1,6,1,4,3,3,6,5,4,4,2,5,5,5,4,2,2,5,4,4,3,6,4,5,5,一般了解：仅了解少量乐理，主要是听歌，偶尔有一些简单演奏或相关知识,我几乎每天都听音乐，但每天不到 1 小时,女,25-34岁,普通职员(公司/企业/事业单位/党政机关),吉林省长春市,上海,-1,0
WPokRj3B9qb,AM9jjmW7,2025/4/4 19:58,2025/4/4 20:18,1211,1,rQrY32,音乐片段感受调研问卷_见数数据库4,49.90.21.169,120.590146,31.233489,江苏省,苏州市,MOBILE,Android,Chrome,363px*797px,"test2,U1,U3,U4,test1,C4,M5,C1,U5,M3,M1,M4,S5,S4,S1,I1,I3,U2,C3,C2,S2,M2,S3,I2,I4,C5,I5",1,5,1,4,1,6,1,3,1,5,1,5,1,7,1,6,1,7,1,5,1,5,1,5,1,5,1,6,1,3,1,2,1,5,没有出现人声,1,5,1,6,1,5,1,5,1,6,1,5,1,5,1,3,1,5,1,4,1,2,6,6,6,2,1,1,5,2,4,4,3,5,3,4,2,2,5,2,5,5,1,6,5,4,5,2,6,4,6,6,3,2,5,5,5,5,5,5,5,4,一般了解：仅了解少量乐理，主要是听歌，偶尔有一些简单演奏或相关知识,我几乎每天都听音乐，但每天 1~2 小时左右,女,55-64岁,普通职员(公司/企业/事业单位/党政机关),苏州吴中区,苏州吴中区,-1,0
Q4x60gPrX0G,z7lX9Bp7,2025/4/4 19:58,2025/4/4 20:18,1184,1,rQrY32,音乐片段感受调研问卷_见数数据库4,27.36.9.45,113.201777,23.099099,广东省,佛山市,MOBILE,Android,Chrome,360px*804px,"C1,test2,I4,U1,U3,I5,M1,C4,C2,M4,test1,U4,U5,S3,M2,I3,I1,M5,I2,S2,C5,S4,C3,S5,S1,U2,M3",1,5,1,4,1,5,1,6,1,5,1,5,1,4,1,4,1,4,1,4,1,5,1,4,1,6,1,5,1,7,1,5,1,3,没有出现人声,1,2,1,3,1,3,1,3,1,4,1,3,1,3,1,2,1,3,1,4,1,4,3,3,2,5,1,4,5,3,1,1,4,5,3,1,5,5,4,3,3,2,4,3,3,1,2,5,3,4,3,3,4,4,3,2,2,2,4,4,3,2,纯粹爱好/不了解：不涉及任何乐理或演奏学习，听歌只为娱乐放松,我每周里1~2天会听音乐,男,25-34岁,普通职员(公司/企业/事业单位/党政机关),佛山市,佛山市,0,0
XObQR33jZKr,BepbDXX7,2025/4/4 20:00,2025/4/4 20:18,1079,1,rQrY32,音乐片段感受调研问卷_见数数据库4,36.104.36.150,125.1784504,44.4306939,吉林省,长春市,MOBILE,iOS,Apple WebKit,414px*736px,"C2,U2,I2,S4,M2,M3,M5,M1,U3,I3,C4,M4,test2,S5,U4,S3,I1,C5,U5,S2,I5,S1,C1,I4,U1,test1,C3",1,6,1,5,1,6,1,7,1,6,3,7,1,6,3,5,3,5,1,7,3,6,3,6,3,6,3,5,1,6,3,6,1,5,没有出现人声,1,2,1,5,3,3,3,2,3,6,1,5,1,5,1,6,3,6,3,5,1,2,5,5,6,1,1,1,6,2,6,5,2,5,2,6,1,2,5,1,5,5,2,5,6,6,3,1,5,5,5,6,2,2,6,6,5,5,6,5,5,2,较为熟悉：自学/半专业，曾经系统练习或参加乐团/乐队，对乐理或技能有一定掌握,我几乎每天都听音乐，且每天超过 2 小时,女,25-34岁,领导干部(公司/企业/事业单位/党政机关),长沙市,松原市,0,0
NRnx8NDgKVb,8MZj0Y8M,2025/4/4 19:58,2025/4/4 20:18,1148,1,rQrY32,音乐片段感受调研问卷_见数数据库4,223.97.81.211,121.5377665,36.9082887,山东省,青岛市,MOBILE,iOS,Apple WebKit,393px*852px,"S4,test1,U5,S5,C1,U4,M4,U1,U3,I2,C5,M3,test2,M5,M1,S1,I1,I3,S2,S3,C4,U2,M2,C2,C3,I4,I5",1,6,1,3,1,3,1,4,1,5,1,2,1,5,1,6,1,6,1,6,1,3,1,4,1,5,1,6,1,6,1,3,1,3,没有出现人声,1,2,1,3,1,3,1,2,1,5,1,5,1,4,1,6,1,5,1,7,1,2,6,6,6,1,1,1,6,1,2,5,5,5,1,2,2,2,6,2,5,4,6,6,5,2,5,3,6,1,5,3,6,1,6,6,5,2,5,5,6,6,一般了解：仅了解少量乐理，主要是听歌，偶尔有一些简单演奏或相关知识,我几乎每天都听音乐，但每天 1~2 小时左右,女,25-34岁,普通职员(公司/企业/事业单位/党政机关),青岛,青岛,0,1
bNGja49A846,aMgmG9JL,2025/4/4 19:59,2025/4/4 20:18,1118,1,rQrY32,音乐片段感受调研问卷_见数数据库4,111.18.218.252,109.051531,32.684685,陕西省,安康市,MOBILE,Android,Chrome,360px*804px,"S3,U1,U5,test1,M4,S1,C4,C5,M3,test2,M1,S2,I5,I3,C2,S5,U2,U3,C1,I4,M5,I2,M2,I1,S4,U4,C3",1,4,1,4,1,4,1,6,1,5,1,6,1,7,1,6,1,5,1,5,1,5,1,4,1,6,1,6,1,5,1,5,1,3,没有出现人声,1,2,1,4,1,3,1,4,1,5,1,4,1,5,1,3,1,3,1,3,1,2,5,6,5,5,1,2,5,2,3,3,4,5,3,3,5,4,5,2,5,3,3,5,6,3,2,2,6,5,5,5,3,2,6,4,2,5,5,6,5,2,纯粹爱好/不了解：不涉及任何乐理或演奏学习，听歌只为娱乐放松,我几乎每天都听音乐，但每天 1~2 小时左右,女,25-34岁,普通职员(公司/企业/事业单位/党政机关),陕西省安康市,陕西省安康市,1,-1
NRnx8KJwpgm,nePP8yve,2025/4/4 19:59,2025/4/4 20:17,1122,1,rQrY32,音乐片段感受调研问卷_见数数据库4,36.43.206.230,108.59842,34.101523,陕西省,西安市,MOBILE,Android,Chrome,362px*801px,"S4,S2,I1,U5,U3,S5,I5,C5,U4,U2,test1,C3,S3,M1,C2,M4,test2,U1,I3,C4,M2,C1,M3,S1,I4,I2,M5",1,3,1,3,1,5,1,4,1,4,1,4,1,2,1,1,1,2,1,2,1,4,1,2,1,2,1,5,1,3,1,2,1,5,没有出现人声,1,1,1,2,1,2,1,1,1,3,1,6,1,6,1,7,1,5,1,6,1,4,6,2,5,4,1,1,6,4,2,4,5,5,4,3,5,3,6,4,5,4,6,6,2,2,2,6,5,5,6,5,6,4,2,5,2,1,6,4,5,2,一般了解：仅了解少量乐理，主要是听歌，偶尔有一些简单演奏或相关知识,我几乎每天都听音乐，但每天 1~2 小时左右,男,18-25岁,普通职员(公司/企业/事业单位/党政机关),陕西省西安市,陕西省西安市,-1,0
mnmE1zK8ZKO,JekVxwQL,2025/4/4 19:58,2025/4/4 20:17,1174,1,rQrY32,音乐片段感受调研问卷_见数数据库4,39.144.162.191,117.826901,30.954955,安徽省,铜陵市,MOBILE,Android,Chrome,360px*800px,"S2,M4,M2,I2,U3,C4,U4,I3,test2,I4,I1,M1,U1,test1,C5,S5,I5,C3,S1,M5,S3,M3,U2,U5,S4,C1,C2",1,6,1,3,1,2,1,5,1,2,1,3,1,3,1,5,1,4,1,5,1,2,1,3,1,3,1,1,1,2,1,5,1,6,没有出现人声,1,6,1,5,1,5,1,6,1,3,1,3,1,3,1,2,1,6,1,5,1,2,4,5,4,6,1,5,4,2,2,1,2,5,4,1,6,3,6,3,3,2,4,3,5,2,2,3,4,5,4,4,3,4,5,2,2,2,4,5,4,2,纯粹爱好/不了解：不涉及任何乐理或演奏学习，听歌只为娱乐放松,我每周里1~2天会听音乐,女,45-54岁,领导干部(公司/企业/事业单位/党政机关),铜陵市,铜陵市,1,0
vNzEqgmbGZv,KLOk3ZEL,2025/4/4 19:58,2025/4/4 20:17,1168,1,rQrY32,音乐片段感受调研问卷_见数数据库4,117.152.219.32,114.294355,30.531215,湖北省,武汉市,MOBILE,Android,Chrome,360px*780px,"U2,I2,test1,I1,test2,M1,M5,C1,M2,S2,C3,S3,U3,U5,I5,U4,I4,S5,M4,C4,C2,I3,S1,C5,M3,S4,U1",1,3,1,5,1,2,1,6,1,6,1,7,1,6,1,6,1,7,1,6,1,6,1,6,1,5,1,2,1,5,1,1,1,6,没有出现人声,1,3,1,2,1,3,1,2,1,6,1,6,1,6,1,5,1,7,1,5,1,1,5,5,6,2,1,1,6,2,5,5,1,5,1,5,1,1,4,1,5,5,1,5,5,6,5,1,6,6,5,5,2,1,6,6,6,1,6,6,6,6,纯粹爱好/不了解：不涉及任何乐理或演奏学习，听歌只为娱乐放松,我几乎每天都听音乐，但每天 1~2 小时左右,女,25-34岁,普通职员(公司/企业/事业单位/党政机关),武汉,武汉,-1,0
lxzB31pnDaq,27aJAa6L,2025/4/4 19:58,2025/4/4 20:17,1141,1,rQrY32,音乐片段感受调研问卷_见数数据库4,106.224.114.16,117.311423,29.333333,江西省,南昌市,MOBILE,Android,Chrome,377px*831px,"C1,C5,S3,M4,test2,U2,I2,M2,C3,test1,U1,C4,U5,U4,S2,M3,I1,C2,I5,I3,M1,S5,S4,I4,U3,M5,S1",1,7,1,5,1,6,1,6,1,5,1,6,1,6,1,7,1,7,1,7,1,6,1,6,1,7,1,2,1,7,1,6,1,7,没有出现人声,1,5,1,7,1,7,1,7,1,6,1,7,1,7,1,7,1,5,1,6,1,2,5,6,5,3,1,4,5,1,4,4,1,5,2,3,5,4,5,1,5,3,2,5,6,4,4,4,5,6,4,5,3,2,6,5,4,4,5,6,5,4,纯粹爱好/不了解：不涉及任何乐理或演奏学习，听歌只为娱乐放松,我几乎每天都听音乐，但每天 1~2 小时左右,男,18-25岁,初高中学生/大学生/研究生/博士,江西省宜春丰城,江西省景德镇市,0,0
lxzB31O3ra4,xMoWPpnM,2025/4/4 19:59,2025/4/4 20:17,1072,1,rQrY32,音乐片段感受调研问卷_见数数据库4,112.254.211.228,120.073307,36.18018,山东省,青岛市,MOBILE,Android,Chrome,412px*915px,"C3,test2,test1,S2,M2,I5,U2,C1,M1,S4,C2,U4,U1,I4,S3,M5,C5,U5,I1,M4,C4,U3,I3,I2,M3,S5,S1",1,6,1,3,1,5,1,7,1,5,1,6,1,3,1,6,1,6,1,5,1,4,1,5,1,4,2,6,1,4,1,5,1,3,没有出现人声,1,1,1,1,1,1,1,2,1,3,1,3,1,3,1,1,1,2,1,2,1,3,3,5,4,6,1,5,6,2,1,2,6,5,1,1,4,6,2,2,3,2,5,2,3,1,1,5,4,5,3,5,6,6,4,2,2,1,2,5,4,2,纯粹爱好/不了解：不涉及任何乐理或演奏学习，听歌只为娱乐放松,我每周里1~2天会听音乐,女,18-25岁,初高中学生/大学生/研究生/博士,山东，陕西,山东,0,0
NRnx8a1REVR,me3ZRzDL,2025/4/4 19:58,2025/4/4 20:17,1103,1,rQrY32,音乐片段感受调研问卷_见数数据库4,10.41.5.243,108.180523,22.833307,保留,保留,MOBILE,Android,Chrome,360px*780px,"C2,U4,M1,S2,M4,M3,S3,U2,I4,S1,U1,U3,C5,C1,M2,I2,U5,I3,I1,C3,I5,S4,test2,C4,S5,M5,test1",1,6,1,6,1,6,1,5,1,5,1,5,1,2,1,3,1,2,1,1,1,3,1,7,1,2,1,5,1,7,1,3,2,1,没有出现人声,1,1,1,5,1,1,1,1,1,3,1,3,1,2,1,2,1,5,1,3,1,2,6,6,5,2,1,2,6,1,5,5,1,5,1,4,2,2,5,1,6,5,2,5,5,4,2,3,5,6,6,6,2,1,6,6,5,4,5,6,6,3,一般了解：仅了解少量乐理，主要是听歌，偶尔有一些简单演奏或相关知识,我几乎每天都听音乐，但每天 1~2 小时左右,男,25-34岁,普通职员(公司/企业/事业单位/党政机关),广西南宁,广西南宁,1,1
bNGjanN2N3d,ve805Qwe,2025/4/4 20:05,2025/4/4 20:17,714,1,rQrY32,音乐片段感受调研问卷_见数数据库4,120.230.180.26,113.042338,22.482824,广东省,江门市,MOBILE,Android,Chrome,360px*780px,"I2,I1,S5,I4,S1,C4,M4,U2,S3,C3,C2,U3,M1,test2,test1,U4,I5,U5,M5,C1,C5,S4,M2,U1,I3,M3,S2",1,6,1,4,1,4,1,6,1,6,1,4,1,5,1,4,1,5,1,5,1,5,1,6,1,5,1,5,1,5,1,5,1,4,没有出现人声,1,2,1,3,1,3,1,3,1,2,1,2,1,2,1,2,1,3,1,4,1,2,5,4,6,2,1,1,4,4,4,4,1,5,5,4,2,2,5,4,5,4,1,5,3,3,4,2,5,3,5,5,1,2,3,5,5,5,5,3,6,4,纯粹爱好/不了解：不涉及任何乐理或演奏学习，听歌只为娱乐放松,我几乎每天都听音乐，但每天 1~2 小时左右,女,25-34岁,普通职员(公司/企业/事业单位/党政机关),广东省珠海市,广东省珠海市,-1,0
XObQRwJBDmo,QL0qJzRe,2025/4/4 19:58,2025/4/4 20:17,1138,1,rQrY32,音乐片段感受调研问卷_见数数据库4,39.160.20.28,114.393935,27.794272,江西省,宜春市,MOBILE,Android,Chrome,360px*780px,"S4,S2,test1,I4,M4,M1,M3,C5,U5,C1,S1,U2,I3,I5,I2,U3,U4,S5,C3,I1,M5,U1,C4,test2,M2,S3,C2",1,5,1,5,1,3,1,6,1,4,1,5,1,5,1,5,1,4,1,5,1,5,1,4,1,5,1,5,1,5,1,4,1,7,没有出现人声,1,6,1,6,1,5,1,7,1,7,1,7,1,7,1,7,1,7,1,7,1,2,6,4,4,2,1,2,6,3,4,4,2,4,3,4,3,2,6,2,5,4,2,5,4,4,5,3,5,4,5,5,3,2,5,5,5,4,5,5,5,5,一般了解：仅了解少量乐理，主要是听歌，偶尔有一些简单演奏或相关知识,我几乎每天都听音乐，但每天不到 1 小时,男,18-25岁,普通职员(公司/企业/事业单位/党政机关),江西省南昌市,江西省南昌市,1,0
NRnx8bQAdKz,oe40xdDe,2025/4/4 19:59,2025/4/4 20:17,1080,1,rQrY32,音乐片段感受调研问卷_见数数据库4,111.181.13.90,114.3576017,30.5171252,湖北省,武汉市,MOBILE,iOS,Apple WebKit,390px*844px,"U4,S4,S1,U2,test2,I5,M2,M5,C3,U3,U5,C1,I3,S3,S5,S2,U1,C4,I1,M1,I2,I4,test1,C5,C2,M4,M3",1,6,1,5,1,5,1,6,1,7,1,6,1,5,1,6,1,5,1,5,1,5,1,5,1,4,1,5,1,6,1,3,1,5,没有出现人声,1,5,1,4,1,4,1,3,1,4,1,4,1,4,1,3,1,5,1,3,1,2,5,5,4,5,1,1,5,2,3,3,4,6,1,3,6,3,5,1,4,4,5,6,5,2,3,5,6,6,4,4,4,2,5,5,2,3,4,6,4,2,一般了解：仅了解少量乐理，主要是听歌，偶尔有一些简单演奏或相关知识,我每周里有3~5天会听音乐，每次时长不限,女,18-25岁,初高中学生/大学生/研究生/博士,济南,武汉,1,0
Q4x60ZZE0NW,WMRkbV97,2025/4/4 19:57,2025/4/4 20:16,1149,1,rQrY32,音乐片段感受调研问卷_见数数据库4,221.237.188.150,104.1350361,30.8499483,四川省,成都市,MOBILE,iOS,Apple WebKit,393px*852px,"M2,U3,U4,test2,M5,I5,S3,C1,test1,M1,S4,U2,U1,C3,I3,M3,I2,S5,M4,S2,I1,C2,C5,C4,S1,U5,I4",1,5,1,4,1,3,1,5,1,3,1,6,1,5,1,4,1,5,1,5,1,5,1,2,1,5,1,5,1,3,1,1,1,6,没有出现人声,1,2,1,6,1,6,1,6,1,1,1,1,1,2,1,2,1,1,1,1,1,4,6,6,1,6,1,6,6,5,1,1,5,5,6,1,6,5,6,5,2,1,4,2,6,1,1,5,4,1,1,5,5,6,1,1,1,1,6,1,5,1,纯粹爱好/不了解：不涉及任何乐理或演奏学习，听歌只为娱乐放松,我几乎每天都听音乐，但每天 1~2 小时左右,女,18-25岁,普通职员(公司/企业/事业单位/党政机关),成都,成都,-1,-1
oB9EX5w2PNO,RMWO0aJM,2025/4/4 19:59,2025/4/4 20:16,1016,1,rQrY32,音乐片段感受调研问卷_见数数据库4,183.228.13.156,106.5573672,29.2837045,重庆市,市辖区,MOBILE,iOS,Apple WebKit,428px*926px,"M1,I2,test1,C4,C2,S4,I3,I5,S2,U3,U4,C3,I4,S3,S5,S1,M2,I1,M4,test2,U2,U1,C5,U5,C1,M3,M5",1,5,1,5,1,2,2,5,2,2,2,7,1,2,1,6,1,6,1,3,2,6,2,1,1,5,1,3,1,3,2,2,2,6,没有出现人声,1,5,1,2,1,1,1,1,2,2,1,3,2,3,1,3,1,2,2,2,1,2,6,5,4,3,1,1,6,2,3,2,2,5,3,2,5,1,4,1,4,2,1,6,5,3,4,2,6,5,6,4,1,2,5,4,3,4,5,5,5,4,纯粹爱好/不了解：不涉及任何乐理或演奏学习，听歌只为娱乐放松,我每周里1~2天会听音乐,女,25-34岁,普通职员(公司/企业/事业单位/党政机关),重庆,重庆,0,0
nN6EYlmpvvd,p7Y43VmM,2025/4/4 19:58,2025/4/4 20:16,1072,1,rQrY32,音乐片段感受调研问卷_见数数据库4,101.229.140.39,121.740032,30.995313,上海市,市辖区,MOBILE,Android,Chrome,392px*800px,"U4,M1,M3,S1,test1,M5,I5,S2,U3,C2,C5,S3,I1,U5,I2,I4,test2,S4,U2,C3,U1,S5,M4,M2,C1,C4,I3",1,5,1,5,1,5,1,6,1,6,1,7,1,5,1,6,1,7,1,6,1,4,1,6,1,5,1,6,1,6,1,5,1,5,没有出现人声,1,2,1,1,1,1,1,3,1,6,1,4,1,4,1,5,1,6,1,4,1,3,6,5,6,6,1,5,6,2,4,1,5,5,4,4,6,5,6,3,5,2,4,5,5,4,4,5,6,5,6,2,5,2,5,6,1,2,6,4,6,4,一般了解：仅了解少量乐理，主要是听歌，偶尔有一些简单演奏或相关知识,我几乎每天都听音乐，且每天超过 2 小时,女,18-25岁,初高中学生/大学生/研究生/博士,上海,上海,-1,0
oB9EX58gVZK,8MZnWaqM,2025/4/4 19:58,2025/4/4 20:16,1075,1,rQrY32,音乐片段感受调研问卷_见数数据库4,171.208.71.155,102.637161,29.333333,四川省,雅安市,MOBILE,Android,Chrome,360px*796px,"M1,I2,C5,C4,I4,test1,test2,U5,S3,U3,C2,M2,U4,I1,S4,S2,M3,I3,M4,C1,I5,M5,U2,S1,U1,C3,S5",6,5,1,2,1,3,1,5,1,2,1,5,1,3,1,5,1,5,1,2,1,5,1,3,1,3,1,6,1,2,1,2,1,3,没有出现人声,1,3,1,3,1,3,1,5,1,5,1,6,1,6,1,5,1,6,1,5,1,1,5,5,6,2,1,1,6,2,5,5,2,5,3,4,2,1,6,1,6,5,1,6,5,5,5,2,6,5,6,6,1,1,5,5,5,5,6,5,6,5,一般了解：仅了解少量乐理，主要是听歌，偶尔有一些简单演奏或相关知识,我每周里1~2天会听音乐,女,25-34岁,普通职员(公司/企业/事业单位/党政机关),四川,四川,0,0
lxzB3BqVrG5,qM6x583L,2025/4/4 19:58,2025/4/4 20:16,1078,1,rQrY32,音乐片段感受调研问卷_见数数据库4,121.225.254.95,118.91487,32.049523,江苏省,南京市,MOBILE,Android,Chrome,377px*831px,"S4,S3,C4,U3,M4,M5,M3,I2,C3,M2,I3,U5,I4,test1,S1,I5,test2,I1,S5,M1,U2,C5,U1,U4,S2,C1,C2",1,6,1,5,1,5,1,5,1,4,1,7,1,6,1,7,1,7,1,6,1,6,1,6,1,5,1,5,1,5,1,5,1,4,没有出现人声,1,3,1,6,1,4,1,5,1,5,1,6,1,5,1,6,1,6,1,5,1,2,5,5,5,4,1,1,5,3,4,5,2,4,2,4,2,2,6,3,6,5,3,6,5,4,5,2,6,5,5,5,3,1,5,5,4,6,5,6,5,5,纯粹爱好/不了解：不涉及任何乐理或演奏学习，听歌只为娱乐放松,我每周里有3~5天会听音乐，每次时长不限,男,25-34岁,普通职员(公司/企业/事业单位/党政机关),淮安市淮安区,南京市江宁区,0,1
gnBxVwazDa8,QL0RyjVM,2025/4/4 19:59,2025/4/4 20:16,991,1,rQrY32,音乐片段感受调研问卷_见数数据库4,122.143.77.133,125.702892,44.583374,吉林省,辽源市,MOBILE,Android,Chrome,393px*873px,"M3,C1,S4,I5,C4,U3,I4,C5,test1,S2,C2,I2,U2,S5,S3,M1,U1,I3,U4,U5,C3,M2,S1,M4,I1,test2,M5",1,6,1,6,1,5,1,6,1,7,1,6,1,5,1,5,1,5,1,7,1,6,1,5,1,5,1,6,1,6,1,5,1,6,没有出现人声,1,3,1,3,1,3,1,3,1,5,1,6,1,6,1,5,1,7,1,6,1,2,6,5,5,2,1,1,5,2,5,4,2,6,2,6,1,2,6,1,6,6,1,6,6,5,3,2,6,6,5,5,2,2,5,6,6,5,5,5,5,2,较为熟悉：自学/半专业，曾经系统练习或参加乐团/乐队，对乐理或技能有一定掌握,我几乎每天都听音乐，且每天超过 2 小时,女,25-34岁,普通职员(公司/企业/事业单位/党政机关),吉林市,长春市,0,0
Q4x60QvJBNQ,p7YRkobL,2025/4/4 19:59,2025/4/4 20:16,1031,1,rQrY32,音乐片段感受调研问卷_见数数据库4,39.144.110.44,117.001548,36.674583,山东省,临沂市,MOBILE,Android,Chrome,360px*803px,"U1,C1,S3,M2,U2,I2,M3,M1,S2,I5,C5,M4,U5,I3,S4,test1,I1,C4,U3,C3,M5,test2,S5,I4,C2,S1,U4",1,6,1,1,1,2,1,3,1,1,1,6,1,5,1,7,1,6,1,2,1,6,17,3,1,3,1,2,1,6,1,3,1,6,没有出现人声,1,3,1,6,1,6,1,6,1,5,1,5,1,5,1,1,11,3,1,5,1,2,6,5,5,2,1,1,5,3,5,5,6,6,2,5,1,5,5,1,5,5,4,6,5,5,4,2,5,5,6,5,4,1,6,5,5,4,6,5,5,4,一般了解：仅了解少量乐理，主要是听歌，偶尔有一些简单演奏或相关知识,我几乎每天都听音乐，但每天 1~2 小时左右,女,35-44岁,领导干部(公司/企业/事业单位/党政机关),深圳,深圳,1,0
NRnx8ok5XAR,kM14bQQe,2025/4/4 19:58,2025/4/4 20:16,1036,1,rQrY32,音乐片段感受调研问卷_见数数据库4,112.21.50.212,118.847905,32.012806,江苏省,南京市,MOBILE,Android,Chrome,360px*800px,"I1,C1,I5,I2,U4,C5,S1,M4,M3,C4,I4,test1,U5,S3,M1,U3,I3,test2,M5,S2,C3,C2,M2,S5,U1,U2,S4",1,3,1,3,1,2,1,3,1,2,1,6,1,5,1,4,1,3,1,3,1,2,1,3,1,3,1,4,1,4,1,2,1,5,没有出现人声,1,3,1,4,1,5,1,6,2,5,1,5,1,6,1,5,1,5,1,6,1,2,4,5,4,2,1,3,4,2,4,4,2,3,3,4,2,2,4,3,5,4,2,5,4,4,5,3,5,4,5,5,2,2,4,4,4,4,5,5,6,5,一般了解：仅了解少量乐理，主要是听歌，偶尔有一些简单演奏或相关知识,我每周里有3~5天会听音乐，每次时长不限,女,25-34岁,普通职员(公司/企业/事业单位/党政机关),南京市,南京市,1,-1
XObQR1J3w9r,8MZdnW8L,2025/4/4 19:57,2025/4/4 20:15,1087,1,rQrY32,音乐片段感受调研问卷_见数数据库4,223.88.21.121,113.566155,34.785224,河南省,郑州市,MOBILE,Android,Chrome,360px*800px,"M3,I1,M2,M1,C5,I3,I5,test1,S4,S5,U3,U4,test2,U1,I4,C2,U2,C1,S2,C3,I2,M4,C4,S3,S1,M5,U5",1,6,1,4,1,5,1,4,1,4,1,3,1,2,1,3,1,3,1,2,1,6,1,5,1,2,1,2,1,3,1,3,1,6,没有出现人声,1,2,1,6,1,1,1,4,1,2,1,3,1,3,1,4,1,3,1,4,1,2,5,4,6,5,1,5,5,5,6,2,5,5,5,5,5,3,2,4,5,2,6,5,3,5,2,5,4,4,5,5,5,5,4,6,2,3,4,3,5,2,一般了解：仅了解少量乐理，主要是听歌，偶尔有一些简单演奏或相关知识,我几乎每天都听音乐，且每天超过 2 小时,女,18-25岁,普通职员(公司/企业/事业单位/党政机关),郑州,郑州,0,0
Q4x609XjX4d,WMRkoAD7,2025/4/4 19:57,2025/4/4 20:15,1074,1,rQrY32,音乐片段感受调研问卷_见数数据库4,112.4.46.152,118.8340348,31.8468763,江苏省,南京市,MOBILE,iOS,Apple WebKit,414px*896px,"C3,C4,I5,S2,U1,test2,U2,C2,U4,test1,I1,I2,S1,U3,M3,C1,S3,S4,S5,M5,I3,I4,M1,M4,U5,M2,C5",1,2,1,6,1,5,1,3,1,5,1,7,1,5,1,5,1,6,1,2,1,5,1,6,1,5,1,7,1,6,1,5,1,5,没有出现人声,1,3,1,4,1,2,1,3,1,4,1,1,1,2,1,2,1,6,1,2,1,2,5,5,6,2,1,2,6,3,2,3,6,5,3,5,3,1,6,3,5,5,5,5,5,4,2,1,6,5,5,5,1,1,6,6,3,4,6,5,6,2,一般了解：仅了解少量乐理，主要是听歌，偶尔有一些简单演奏或相关知识,我几乎每天都听音乐，且每天超过 2 小时,女,18-25岁,初高中学生/大学生/研究生/博士,南京市江宁区,南京市江宁区,-1,-1
Q4x60mEmV3Q,pLzy0OK7,2025/4/4 19:59,2025/4/4 20:15,968,1,rQrY32,音乐片段感受调研问卷_见数数据库4,112.51.233.209,119.312501,26.070767,福建省,福州市,MOBILE,Android,Chrome,360px*770px,"I2,C4,C2,C1,U1,C3,M3,I5,test1,U4,U2,C5,test2,S5,S1,I1,M2,U3,U5,M4,S2,M1,I4,I3,S4,M5,S3",1,6,1,6,1,4,16,6,1,4,1,6,1,5,1,5,1,5,1,5,1,5,1,4,1,6,1,4,74,4,30,6,1,4,没有出现人声,1,6,2,4,1,4,1,6,1,6,1,5,2,5,1,5,1,4,1,5,1,2,6,6,5,2,1,2,5,2,5,5,2,5,2,5,2,2,6,1,5,5,2,6,6,5,5,2,6,4,5,6,2,2,5,5,6,2,5,5,5,6,一般了解：仅了解少量乐理，主要是听歌，偶尔有一些简单演奏或相关知识,我几乎每天都听音乐，但每天不到 1 小时,女,35-44岁,工厂技术人员/工厂主管,福建福州,福建福州,0,0
mnmE1xdja6g,VMJYv6ke,2025/4/4 19:58,2025/4/4 20:15,1003,1,rQrY32,音乐片段感受调研问卷_见数数据库4,39.185.192.151,121.309338,30.341811,浙江省,宁波市,MOBILE,Android,Chrome,388px*837px,"S5,C1,C5,S4,I5,M3,C2,U1,S3,M5,M4,I3,M2,I2,test1,C3,M1,C4,I1,U2,U4,I4,S1,U3,S2,U5,test2",1,5,1,3,1,5,1,6,1,4,1,6,1,6,1,5,1,5,1,6,1,5,1,6,1,4,1,3,1,4,1,5,1,4,没有出现人声,1,4,1,5,1,4,1,7,1,4,1,6,1,5,1,3,1,5,1,5,1,2,5,5,5,2,1,1,6,2,5,4,2,4,1,4,3,1,5,2,5,4,2,5,4,4,5,2,4,4,4,6,2,2,5,5,4,5,5,4,5,5,较为熟悉：自学/半专业，曾经系统练习或参加乐团/乐队，对乐理或技能有一定掌握,我几乎每天都听音乐，但每天不到 1 小时,男,18-25岁,初高中学生/大学生/研究生/博士,杭州萧山,宁波慈溪,0,1
mnmE1x6pKQA,J7B54vZM,2025/4/4 20:02,2025/4/4 20:15,777,1,rQrY32,音乐片段感受调研问卷_见数数据库4,106.122.85.168,117.737367,26.932842,福建省,南平市,MOBILE,Android,Chrome,393px*786px,"M5,M2,test2,C2,U1,S4,M3,M4,I4,S2,test1,S3,I2,I1,I5,U3,C1,U4,U5,S1,C4,U2,M1,C3,I3,C5,S5",1,6,1,6,1,6,1,5,1,6,1,6,1,6,1,7,1,6,1,6,1,5,1,6,2,7,1,6,1,6,1,5,1,5,没有出现人声,1,4,1,5,1,5,1,5,1,4,1,4,1,5,1,5,1,4,1,5,1,1,5,6,6,2,1,1,5,2,5,5,2,4,2,4,2,1,5,1,6,4,1,6,6,4,5,2,6,5,5,6,1,1,5,5,5,5,5,5,6,5,一般了解：仅了解少量乐理，主要是听歌，偶尔有一些简单演奏或相关知识,我几乎每天都听音乐，但每天 1~2 小时左右,女,25-34岁,普通职员(公司/企业/事业单位/党政机关),福建三明,福建厦门,1,-1
vNzEqpnk8Pv,VMJOQk7n,2025/4/4 20:01,2025/4/4 20:14,771,1,rQrY32,音乐片段感受调研问卷_见数数据库4,183.251.194.124,118.331111,24.559229,福建省,南平市,MOBILE,Android,Chrome,393px*873px,"I3,test2,C1,I1,U4,S3,U3,C5,M1,C3,S2,test1,U5,S1,C2,U1,I2,M3,S5,S4,C4,M4,I5,U2,M2,M5,I4",1,6,1,6,1,6,1,5,1,7,1,6,1,6,1,6,1,5,2,6,1,7,3,5,1,5,1,6,1,7,1,6,1,5,没有出现人声,1,5,1,5,1,5,1,5,1,3,2,4,1,5,1,5,1,5,1,4,1,1,5,6,5,2,1,1,6,2,4,5,2,4,2,4,2,1,5,2,6,5,2,6,5,5,5,1,6,6,6,6,2,1,5,5,5,5,5,5,5,5,一般了解：仅了解少量乐理，主要是听歌，偶尔有一些简单演奏或相关知识,我每周里有3~5天会听音乐，每次时长不限,女,25-34岁,普通职员(公司/企业/事业单位/党政机关),福建省南平市,福建省福州市,1,-1
WPokRRmEgRX,me3JdJwL,2025/4/4 19:57,2025/4/4 20:14,1001,1,rQrY32,音乐片段感受调研问卷_见数数据库4,121.232.80.75,121.067787,32.053692,江苏省,南通市,MOBILE,Android,Chrome,407px*904px,"I1,M1,M5,U5,U2,U1,C4,S4,S3,M3,I5,C2,M2,U4,M4,I4,I2,test1,test2,S2,C5,C1,S5,C3,I3,U3,S1",1,5,1,6,1,5,1,7,1,4,1,5,1,7,1,5,1,6,1,5,1,4,1,6,1,5,1,5,1,6,1,4,1,2,没有出现人声,1,2,1,2,1,2,1,2,1,5,1,3,1,4,1,3,1,1,1,3,1,3,5,5,4,3,1,1,5,2,3,5,4,4,3,3,2,1,6,2,5,4,2,5,6,3,4,2,6,4,5,4,2,2,5,4,4,3,5,4,5,5,较为熟悉：自学/半专业，曾经系统练习或参加乐团/乐队，对乐理或技能有一定掌握,我几乎每天都听音乐，但每天 1~2 小时左右,女,35-44岁,普通职员(公司/企业/事业单位/党政机关),上海,上海,-1,-1
Q4x6015WjrW,z7lGdPWM,2025/4/4 19:58,2025/4/4 20:14,974,1,rQrY32,音乐片段感受调研问卷_见数数据库4,59.35.221.194,116.363219,23.243243,广东省,汕头市,MOBILE,Android,Chrome,393px*873px,"I2,S3,S4,C1,U3,test2,C4,U1,U2,M5,M2,M1,S2,I3,U5,U4,M3,C3,C2,M4,test1,C5,I4,I5,S5,S1,I1",1,5,1,7,1,5,1,7,1,6,1,6,1,3,1,2,1,2,1,3,1,2,1,3,1,5,1,7,1,2,1,7,1,6,没有出现人声,1,5,1,3,1,1,1,1,1,1,1,1,1,1,1,1,1,2,1,1,1,4,5,6,5,5,1,5,6,2,1,2,6,5,1,1,5,6,2,2,5,1,6,5,5,1,1,6,5,5,6,1,6,2,5,6,1,1,1,6,5,1,纯粹爱好/不了解：不涉及任何乐理或演奏学习，听歌只为娱乐放松,我每周里有3~5天会听音乐，每次时长不限,女,18-25岁,普通职员(公司/企业/事业单位/党政机关),汕头市,广州市,0,0
NRnx8dqzp2r,37KxPpvL,2025/4/4 19:58,2025/4/4 20:13,916,1,rQrY32,音乐片段感受调研问卷_见数数据库4,116.169.80.211,104.0868826,30.6227316,四川省,成都市,MOBILE,iOS,Apple WebKit,393px*852px,"M3,U4,C4,U2,S2,C5,I4,M2,M5,C1,C2,C3,I1,S3,S1,U3,S5,test1,S4,I2,M4,U1,I3,M1,I5,test2,U5",3,2,1,4,1,5,2,5,1,4,1,5,1,7,1,3,2,4,1,4,1,6,1,2,1,3,1,3,2,3,2,3,1,5,没有出现人声,2,6,2,6,1,4,2,5,2,6,1,7,2,7,2,5,1,7,2,6,1,1,6,6,6,2,1,1,5,1,4,5,4,4,2,5,2,2,5,3,5,4,3,5,5,4,6,2,5,4,6,6,1,2,4,4,6,4,5,5,6,5,一般了解：仅了解少量乐理，主要是听歌，偶尔有一些简单演奏或相关知识,我几乎每天都听音乐，但每天不到 1 小时,男,25-34岁,商业/服务业从业人员,四川成都,四川成都,-1,0
vNzEqoN8rbX,xLVO6mRe,2025/4/4 19:59,2025/4/4 20:12,772,1,rQrY32,音乐片段感受调研问卷_见数数据库4,111.55.10.194,109.35014,24.374419,广西壮族自治区,柳州市,MOBILE,Android,Chrome,360px*800px,"U3,I2,I1,M4,test1,M1,S4,U4,C1,M5,U5,I5,C3,test2,C5,U2,M2,C2,S3,C4,M3,I3,S2,U1,I4,S5,S1",1,3,1,2,1,2,1,4,1,2,1,3,1,3,2,3,1,3,1,3,1,4,1,2,1,3,1,3,1,2,1,2,2,3,没有出现人声,1,3,1,4,1,4,1,2,1,3,1,6,1,5,1,5,1,4,1,4,1,3,4,3,4,4,1,2,5,2,2,3,4,4,2,3,5,3,5,3,4,3,3,5,3,2,3,3,4,3,5,4,3,3,3,4,3,4,5,4,5,3,纯粹爱好/不了解：不涉及任何乐理或演奏学习，听歌只为娱乐放松,我每周里有3~5天会听音乐，每次时长不限,女,25-34岁,领导干部(公司/企业/事业单位/党政机关),柳州,柳州,0,1
mnmE1Ody1kD,KLObxZE7,2025/4/4 19:58,2025/4/4 20:12,854,1,rQrY32,音乐片段感受调研问卷_见数数据库4,223.104.87.150,113.923646,22.647631,广东省,深圳市,MOBILE,Android,Chrome,412px*906px,"C4,C5,M4,M5,test1,U4,S2,U1,I5,I1,M1,U3,C1,M3,I4,M2,S3,S4,test2,S1,I2,I3,U5,C3,U2,S5,C2",1,7,1,5,1,6,1,3,1,5,1,6,1,4,1,5,1,4,1,4,1,3,1,4,1,6,1,6,5,3,1,5,1,5,没有出现人声,1,5,1,5,1,4,1,6,1,5,1,3,1,3,1,4,1,2,1,3,1,1,5,4,6,1,1,2,6,3,6,5,2,5,3,5,3,1,5,2,6,5,1,5,3,6,5,1,6,4,4,5,1,2,4,6,5,5,5,4,6,6,纯粹爱好/不了解：不涉及任何乐理或演奏学习，听歌只为娱乐放松,我几乎每天都听音乐，且每天超过 2 小时,男,25-34岁,领导干部(公司/企业/事业单位/党政机关),江西省赣州市,广东省深圳市,1,0
NRnxRYK03Ev,nePwjryL,2025/4/4 19:51,2025/4/4 20:12,1246,1,rQrY32,音乐片段感受调研问卷_见数数据库4,180.143.97.207,108.24034,23.171076,广西壮族自治区,南宁市,MOBILE,Android,WeChat,360px*800px,"C5,M1,test1,S5,M4,U3,U2,U5,S1,S2,C3,C1,M2,S3,I1,test2,I2,U4,I5,M3,U1,S4,C2,C4,M5,I3,I4",1,6,1,5,1,5,1,4,1,5,1,5,1,5,1,4,1,3,1,5,1,5,1,6,1,5,1,3,1,3,1,4,1,3,没有出现人声,1,3,1,5,1,3,1,5,1,4,1,5,1,5,1,5,1,4,1,4,1,3,5,5,4,4,1,3,5,3,4,5,4,5,3,3,5,4,4,4,4,3,4,4,4,3,5,5,5,5,5,4,4,4,5,4,5,3,5,5,4,4,一般了解：仅了解少量乐理，主要是听歌，偶尔有一些简单演奏或相关知识,我每周里有3~5天会听音乐，每次时长不限,女,18-25岁,初高中学生/大学生/研究生/博士,广西贵港,南宁,1,0
Q4x64rxyr6B,o7jWp3zL,2025/4/4 19:58,2025/4/4 20:09,701,1,rQrY32,音乐片段感受调研问卷_见数数据库4,113.218.86.36,111.5883298,25.5144889,湖南省,长沙市,MOBILE,iOS,Apple WebKit,414px*896px,"C2,S4,M3,M5,test2,U5,test1,S1,I3,M1,S2,I2,C3,U1,S3,U2,C4,U3,S5,M2,I1,I4,C5,M4,I5,C1,U4",3,5,3,3,1,5,3,3,1,3,3,4,1,5,1,5,1,5,1,5,1,4,1,5,1,5,3,4,1,4,1,4,1,7,没有出现人声,1,6,1,6,3,7,7,7,1,5,1,7,1,7,6,6,1,6,1,7,1,2,6,5,6,2,1,2,2,2,5,5,1,2,1,6,1,1,5,1,6,5,1,5,5,6,5,2,5,6,5,6,2,2,5,5,5,5,2,5,6,6,纯粹爱好/不了解：不涉及任何乐理或演奏学习，听歌只为娱乐放松,我每周里有3~5天会听音乐，每次时长不限,女,18-25岁,普通职员(公司/企业/事业单位/党政机关),湖南永州,湖南永州,0,0
Q4x64mr5J4v,veEYEQPe,2025/4/4 19:47,2025/4/4 20:07,1195,1,rQrY32,音乐片段感受调研问卷_见数数据库4,183.241.152.214,116.49262,39.99996,北京市,市辖区,MOBILE,Android,Chrome,374px*843px,"U1,C4,I5,C5,C1,S4,M1,U2,I4,S1,M2,S5,M5,S2,U5,I1,U4,I2,S3,I3,test2,M3,M4,U3,C3,test1,C2",1,3,1,4,1,4,1,6,1,3,1,6,1,5,1,4,1,3,1,4,1,5,1,5,1,4,1,5,1,4,1,3,1,5,没有出现人声,1,3,1,4,1,3,1,6,1,6,1,3,1,3,1,5,1,5,1,6,1,3,5,4,6,5,1,4,5,2,3,3,6,6,4,3,5,5,5,1,5,3,3,6,3,4,5,3,6,6,4,6,2,3,4,6,4,4,6,6,5,6,一般了解：仅了解少量乐理，主要是听歌，偶尔有一些简单演奏或相关知识,我每周里有3~5天会听音乐，每次时长不限,女,25-34岁,普通职员(公司/企业/事业单位/党政机关),山东,北京,1,0
